Relation_Type	Source_ID	Target_ID	Active	Sort_Order	Notes
ITEM_CONTAINER	item:object:abacus	container:pouch	1	1.0	Migrated from Allowed_Containers
ITEM_CONTAINER	item:object:abacus	container:chest	1	2.0	Migrated from Allowed_Containers
ITEM_CONTAINER	item:object:alchemist-s-supplies	container:tool-roll	1	1.0	Migrated from Allowed_Containers
ITEM_CONTAINER	item:object:alchemist-s-supplies	container:chest	1	2.0	Migrated from Allowed_Containers
ITEM_CONTAINER	item:object:alchemist-s-supplies	container:crate	1	3.0	Migrated from Allowed_Containers
ITEM_CONTAINER	item:object:alms-box	container:pouch	1	1.0	Migrated from Allowed_Containers
ITEM_CONTAINER	item:object:alms-box	container:chest	1	2.0	Migrated from Allowed_Containers
ITEM_CONTAINER	item:object:amulet	container:pocket	1	1.0	Migrated from Allowed_Containers
ITEM_CONTAINER	item:object:amulet	container:pouch	1	2.0	Migrated from Allowed_Containers
ITEM_CONTAINER	item:object:amulet	container:chest	1	3.0	Migrated from Allowed_Containers
ITEM_CONTAINER	item:object:antimatter-rifle	container:weapon-rack	1	1.0	Migrated from Allowed_Containers
ITEM_CONTAINER	item:object:antimatter-rifle	container:crate	1	2.0	Migrated from Allowed_Containers
ITEM_CONTAINER	item:object:antimatter-rifle	container:cart	1	3.0	Migrated from Allowed_Containers
ITEM_CONTAINER	item:object:arbalest	container:weapon-rack	1	1.0	Migrated from Allowed_Containers
ITEM_CONTAINER	item:object:arbalest	container:crate	1	2.0	Migrated from Allowed_Containers
ITEM_CONTAINER	item:object:arbalest	container:cart	1	3.0	Migrated from Allowed_Containers
ITEM_CONTAINER	item:object:arrow	container:quiver	1	1.0	Migrated from Allowed_Containers
ITEM_CONTAINER	item:object:arrow	container:crate	1	2.0	Migrated from Allowed_Containers
ITEM_CONTAINER	item:object:assault-rifle	container:weapon-rack	1	1.0	Migrated from Allowed_Containers
ITEM_CONTAINER	item:object:assault-rifle	container:crate	1	2.0	Migrated from Allowed_Containers
ITEM_CONTAINER	item:object:assault-rifle	container:cart	1	3.0	Migrated from Allowed_Containers
ITEM_CONTAINER	item:object:bad-news-exandria	container:weapon-rack	1	1.0	Migrated from Allowed_Containers
ITEM_CONTAINER	item:object:bad-news-exandria	container:crate	1	2.0	Migrated from Allowed_Containers
ITEM_CONTAINER	item:object:bad-news-exandria	container:cart	1	3.0	Migrated from Allowed_Containers
ITEM_CONTAINER	item:object:bad-news-bullets	container:pouch	1	1.0	Migrated from Allowed_Containers
ITEM_CONTAINER	item:object:bad-news-bullets	container:crate	1	2.0	Migrated from Allowed_Containers
ITEM_CONTAINER	item:object:bagpipes	container:satchel	1	1.0	Migrated from Allowed_Containers
ITEM_CONTAINER	item:object:bagpipes	container:chest	1	2.0	Migrated from Allowed_Containers
ITEM_CONTAINER	item:object:bagpipes	container:crate	1	3.0	Migrated from Allowed_Containers
ITEM_CONTAINER	item:object:ball-bearings-bag-of-1-000	container:pouch	1	1.0	Migrated from Allowed_Containers
ITEM_CONTAINER	item:object:ball-bearings-bag-of-1-000	container:crate	1	2.0	Migrated from Allowed_Containers
ITEM_CONTAINER	item:object:battleaxe	container:weapon-rack	1	1.0	Migrated from Allowed_Containers
ITEM_CONTAINER	item:object:battleaxe	container:crate	1	2.0	Migrated from Allowed_Containers
ITEM_CONTAINER	item:object:battleaxe	container:cart	1	3.0	Migrated from Allowed_Containers
ITEM_CONTAINER	item:object:bedroll	container:bundle	1	1.0	Migrated from Allowed_Containers
ITEM_CONTAINER	item:object:bedroll	container:sack	1	2.0	Migrated from Allowed_Containers
ITEM_CONTAINER	item:object:bedroll	container:crate	1	3.0	Migrated from Allowed_Containers
ITEM_CONTAINER	item:object:bell	container:pocket	1	1.0	Migrated from Allowed_Containers
ITEM_CONTAINER	item:object:bell	container:pouch	1	2.0	Migrated from Allowed_Containers
ITEM_CONTAINER	item:object:bell	container:chest	1	3.0	Migrated from Allowed_Containers
ITEM_CONTAINER	item:object:bellows-cannister	container:satchel	1	1.0	Migrated from Allowed_Containers
ITEM_CONTAINER	item:object:bellows-cannister	container:crate	1	2.0	Migrated from Allowed_Containers
ITEM_CONTAINER	item:object:birdpipes	container:satchel	1	1.0	Migrated from Allowed_Containers
ITEM_CONTAINER	item:object:birdpipes	container:chest	1	2.0	Migrated from Allowed_Containers
ITEM_CONTAINER	item:object:bit-and-bridle	container:pouch	1	1.0	Migrated from Allowed_Containers
ITEM_CONTAINER	item:object:bit-and-bridle	container:sack	1	2.0	Migrated from Allowed_Containers
ITEM_CONTAINER	item:object:bit-and-bridle	container:crate	1	3.0	Migrated from Allowed_Containers
ITEM_CONTAINER	item:object:blackpowder-pistol	container:weapon-rack	1	1.0	Migrated from Allowed_Containers
ITEM_CONTAINER	item:object:blackpowder-pistol	container:crate	1	2.0	Migrated from Allowed_Containers
ITEM_CONTAINER	item:object:blackpowder-rifle	container:weapon-rack	1	1.0	Migrated from Allowed_Containers
ITEM_CONTAINER	item:object:blackpowder-rifle	container:crate	1	2.0	Migrated from Allowed_Containers
ITEM_CONTAINER	item:object:blackpowder-rifle	container:cart	1	3.0	Migrated from Allowed_Containers
ITEM_CONTAINER	item:object:blanket	container:bundle	1	1.0	Migrated from Allowed_Containers
ITEM_CONTAINER	item:object:blanket	container:sack	1	2.0	Migrated from Allowed_Containers
ITEM_CONTAINER	item:object:blanket	container:crate	1	3.0	Migrated from Allowed_Containers
ITEM_CONTAINER	item:object:blessed-stake	container:pouch	1	1.0	Migrated from Allowed_Containers
ITEM_CONTAINER	item:object:blessed-stake	container:chest	1	2.0	Migrated from Allowed_Containers
ITEM_CONTAINER	item:object:block-and-tackle	container:crate	1	1.0	Migrated from Allowed_Containers
ITEM_CONTAINER	item:object:block-and-tackle	container:cart	1	2.0	Migrated from Allowed_Containers
ITEM_CONTAINER	item:object:blowgun	container:weapon-rack	1	1.0	Migrated from Allowed_Containers
ITEM_CONTAINER	item:object:blowgun	container:crate	1	2.0	Migrated from Allowed_Containers
ITEM_CONTAINER	item:object:blowgun-needles	container:crossbow-bolt-case	1	1.0	Migrated from Allowed_Containers
ITEM_CONTAINER	item:object:blowgun-needles	container:pouch	1	2.0	Migrated from Allowed_Containers
ITEM_CONTAINER	item:object:blowgun-needles	container:crate	1	3.0	Migrated from Allowed_Containers
ITEM_CONTAINER	item:object:blunderbuss	container:weapon-rack	1	1.0	Migrated from Allowed_Containers
ITEM_CONTAINER	item:object:blunderbuss	container:crate	1	2.0	Migrated from Allowed_Containers
ITEM_CONTAINER	item:object:blunderbuss	container:cart	1	3.0	Migrated from Allowed_Containers
ITEM_CONTAINER	item:object:blunderbuss-exandria	container:weapon-rack	1	1.0	Migrated from Allowed_Containers
ITEM_CONTAINER	item:object:blunderbuss-exandria	container:crate	1	2.0	Migrated from Allowed_Containers
ITEM_CONTAINER	item:object:blunderbuss-exandria	container:cart	1	3.0	Migrated from Allowed_Containers
ITEM_CONTAINER	item:object:blunderbuss-grim-hollow	container:weapon-rack	1	1.0	Migrated from Allowed_Containers
ITEM_CONTAINER	item:object:blunderbuss-grim-hollow	container:crate	1	2.0	Migrated from Allowed_Containers
ITEM_CONTAINER	item:object:blunderbuss-grim-hollow	container:cart	1	3.0	Migrated from Allowed_Containers
ITEM_CONTAINER	item:object:blunderbuss-bullets	container:pouch	1	1.0	Migrated from Allowed_Containers
ITEM_CONTAINER	item:object:blunderbuss-bullets	container:crate	1	2.0	Migrated from Allowed_Containers
ITEM_CONTAINER	item:object:blunderbuss-hand	container:weapon-rack	1	1.0	Migrated from Allowed_Containers
ITEM_CONTAINER	item:object:blunderbuss-hand	container:crate	1	2.0	Migrated from Allowed_Containers
ITEM_CONTAINER	item:object:bolt	container:crossbow-bolt-case	1	1.0	Migrated from Allowed_Containers
ITEM_CONTAINER	item:object:bolt	container:quiver	1	2.0	Migrated from Allowed_Containers
ITEM_CONTAINER	item:object:bolt	container:crate	1	3.0	Migrated from Allowed_Containers
ITEM_CONTAINER	item:object:book	container:satchel	1	1.0	Migrated from Allowed_Containers
ITEM_CONTAINER	item:object:book	container:chest	1	2.0	Migrated from Allowed_Containers
ITEM_CONTAINER	item:object:book	container:crate	1	3.0	Migrated from Allowed_Containers
ITEM_CONTAINER	item:object:boomerang	container:weapon-rack	1	1.0	Migrated from Allowed_Containers
ITEM_CONTAINER	item:object:boomerang	container:crate	1	2.0	Migrated from Allowed_Containers
ITEM_CONTAINER	item:object:boots	container:bundle	1	1.0	Migrated from Allowed_Containers
ITEM_CONTAINER	item:object:boots	container:sack	1	2.0	Migrated from Allowed_Containers
ITEM_CONTAINER	item:object:boots	container:chest	1	3.0	Migrated from Allowed_Containers
ITEM_CONTAINER	item:object:boots	container:crate	1	4.0	Migrated from Allowed_Containers
ITEM_CONTAINER	item:object:breastplate	container:chest	1	1.0	Migrated from Allowed_Containers
ITEM_CONTAINER	item:object:breastplate	container:crate	1	2.0	Migrated from Allowed_Containers
ITEM_CONTAINER	item:object:breastplate	container:cart	1	3.0	Migrated from Allowed_Containers
ITEM_CONTAINER	item:object:brewer-s-supplies	container:tool-roll	1	1.0	Migrated from Allowed_Containers
ITEM_CONTAINER	item:object:brewer-s-supplies	container:chest	1	2.0	Migrated from Allowed_Containers
ITEM_CONTAINER	item:object:brewer-s-supplies	container:crate	1	3.0	Migrated from Allowed_Containers
ITEM_CONTAINER	item:object:buckler-grim-hollow	container:weapon-rack	1	1.0	Migrated from Allowed_Containers
ITEM_CONTAINER	item:object:buckler-grim-hollow	container:chest	1	2.0	Migrated from Allowed_Containers
ITEM_CONTAINER	item:object:buckler-grim-hollow	container:crate	1	3.0	Migrated from Allowed_Containers
ITEM_CONTAINER	item:object:bullet	container:pouch	1	1.0	Migrated from Allowed_Containers
ITEM_CONTAINER	item:object:bullet	container:crate	1	2.0	Migrated from Allowed_Containers
ITEM_CONTAINER	item:object:bullets-modern	container:pouch	1	1.0	Migrated from Allowed_Containers
ITEM_CONTAINER	item:object:bullets-modern	container:crate	1	2.0	Migrated from Allowed_Containers
ITEM_CONTAINER	item:object:bullets-renaissance	container:pouch	1	1.0	Migrated from Allowed_Containers
ITEM_CONTAINER	item:object:bullets-renaissance	container:crate	1	2.0	Migrated from Allowed_Containers
ITEM_CONTAINER	item:object:burglar-s-pack	container:backpack	1	1.0	Migrated from Allowed_Containers
ITEM_CONTAINER	item:object:burglar-s-pack	container:crate	1	2.0	Migrated from Allowed_Containers
ITEM_CONTAINER	item:object:burglar-s-pack	container:cart	1	3.0	Migrated from Allowed_Containers
ITEM_CONTAINER	item:object:calligrapher-s-supplies	container:tool-roll	1	1.0	Migrated from Allowed_Containers
ITEM_CONTAINER	item:object:calligrapher-s-supplies	container:chest	1	2.0	Migrated from Allowed_Containers
ITEM_CONTAINER	item:object:calligrapher-s-supplies	container:crate	1	3.0	Migrated from Allowed_Containers
ITEM_CONTAINER	item:object:caltrops-bag-of-20	container:pouch	1	1.0	Migrated from Allowed_Containers
ITEM_CONTAINER	item:object:caltrops-bag-of-20	container:crate	1	2.0	Migrated from Allowed_Containers
ITEM_CONTAINER	item:object:cannon	container:crate	1	1.0	Migrated from Allowed_Containers
ITEM_CONTAINER	item:object:cannon	container:cart	1	2.0	Migrated from Allowed_Containers
ITEM_CONTAINER	item:object:cannonball	container:crate	1	1.0	Migrated from Allowed_Containers
ITEM_CONTAINER	item:object:cannonball	container:cart	1	2.0	Migrated from Allowed_Containers
ITEM_CONTAINER	item:object:carpenter-s-tools	container:tool-roll	1	1.0	Migrated from Allowed_Containers
ITEM_CONTAINER	item:object:carpenter-s-tools	container:chest	1	2.0	Migrated from Allowed_Containers
ITEM_CONTAINER	item:object:carpenter-s-tools	container:crate	1	3.0	Migrated from Allowed_Containers
ITEM_CONTAINER	item:object:cartographer-s-tools	container:tool-roll	1	1.0	Migrated from Allowed_Containers
ITEM_CONTAINER	item:object:cartographer-s-tools	container:scroll-tube	1	2.0	Migrated from Allowed_Containers
ITEM_CONTAINER	item:object:cartographer-s-tools	container:chest	1	3.0	Migrated from Allowed_Containers
ITEM_CONTAINER	item:object:catapult-munition	container:crate	1	1.0	Migrated from Allowed_Containers
ITEM_CONTAINER	item:object:catapult-munition	container:cart	1	2.0	Migrated from Allowed_Containers
ITEM_CONTAINER	item:object:catchpole	container:weapon-rack	1	1.0	Migrated from Allowed_Containers
ITEM_CONTAINER	item:object:catchpole	container:crate	1	2.0	Migrated from Allowed_Containers
ITEM_CONTAINER	item:object:catchpole	container:cart	1	3.0	Migrated from Allowed_Containers
ITEM_CONTAINER	item:object:cavalry-flail	container:weapon-rack	1	1.0	Migrated from Allowed_Containers
ITEM_CONTAINER	item:object:cavalry-flail	container:crate	1	2.0	Migrated from Allowed_Containers
ITEM_CONTAINER	item:object:cavalry-flail	container:cart	1	3.0	Migrated from Allowed_Containers
ITEM_CONTAINER	item:object:cavalry-hammer	container:weapon-rack	1	1.0	Migrated from Allowed_Containers
ITEM_CONTAINER	item:object:cavalry-hammer	container:crate	1	2.0	Migrated from Allowed_Containers
ITEM_CONTAINER	item:object:cavalry-hammer	container:cart	1	3.0	Migrated from Allowed_Containers
ITEM_CONTAINER	item:object:cavalry-pick	container:weapon-rack	1	1.0	Migrated from Allowed_Containers
ITEM_CONTAINER	item:object:cavalry-pick	container:crate	1	2.0	Migrated from Allowed_Containers
ITEM_CONTAINER	item:object:cavalry-pick	container:cart	1	3.0	Migrated from Allowed_Containers
ITEM_CONTAINER	item:object:censer	container:pouch	1	1.0	Migrated from Allowed_Containers
ITEM_CONTAINER	item:object:censer	container:chest	1	2.0	Migrated from Allowed_Containers
ITEM_CONTAINER	item:object:chain	container:sack	1	1.0	Migrated from Allowed_Containers
ITEM_CONTAINER	item:object:chain	container:crate	1	2.0	Migrated from Allowed_Containers
ITEM_CONTAINER	item:object:chain	container:cart	1	3.0	Migrated from Allowed_Containers
ITEM_CONTAINER	item:object:chain-10-feet	container:sack	1	1.0	Migrated from Allowed_Containers
ITEM_CONTAINER	item:object:chain-10-feet	container:crate	1	2.0	Migrated from Allowed_Containers
ITEM_CONTAINER	item:object:chain-10-feet	container:cart	1	3.0	Migrated from Allowed_Containers
ITEM_CONTAINER	item:object:chain-mail	container:crate	1	1.0	Migrated from Allowed_Containers
ITEM_CONTAINER	item:object:chain-mail	container:cart	1	2.0	Migrated from Allowed_Containers
ITEM_CONTAINER	item:object:chain-shirt	container:chest	1	1.0	Migrated from Allowed_Containers
ITEM_CONTAINER	item:object:chain-shirt	container:crate	1	2.0	Migrated from Allowed_Containers
ITEM_CONTAINER	item:object:chain-shirt	container:cart	1	3.0	Migrated from Allowed_Containers
ITEM_CONTAINER	item:object:chakram	container:pouch	1	1.0	Migrated from Allowed_Containers
ITEM_CONTAINER	item:object:chakram	container:weapon-rack	1	2.0	Migrated from Allowed_Containers
ITEM_CONTAINER	item:object:chakram	container:crate	1	3.0	Migrated from Allowed_Containers
ITEM_CONTAINER	item:object:chalk-1-piece	container:pocket	1	1.0	Migrated from Allowed_Containers
ITEM_CONTAINER	item:object:chalk-1-piece	container:pouch	1	2.0	Migrated from Allowed_Containers
ITEM_CONTAINER	item:object:claymore	container:weapon-rack	1	1.0	Migrated from Allowed_Containers
ITEM_CONTAINER	item:object:claymore	container:crate	1	2.0	Migrated from Allowed_Containers
ITEM_CONTAINER	item:object:claymore	container:cart	1	3.0	Migrated from Allowed_Containers
ITEM_CONTAINER	item:object:climber-s-kit	container:backpack	1	1.0	Migrated from Allowed_Containers
ITEM_CONTAINER	item:object:climber-s-kit	container:crate	1	2.0	Migrated from Allowed_Containers
ITEM_CONTAINER	item:object:clothes	container:bundle	1	1.0	Migrated from Allowed_Containers
ITEM_CONTAINER	item:object:clothes	container:sack	1	2.0	Migrated from Allowed_Containers
ITEM_CONTAINER	item:object:clothes	container:chest	1	3.0	Migrated from Allowed_Containers
ITEM_CONTAINER	item:object:clothes	container:crate	1	4.0	Migrated from Allowed_Containers
ITEM_CONTAINER	item:object:club	container:weapon-rack	1	1.0	Migrated from Allowed_Containers
ITEM_CONTAINER	item:object:club	container:crate	1	2.0	Migrated from Allowed_Containers
ITEM_CONTAINER	item:object:club	container:cart	1	3.0	Migrated from Allowed_Containers
ITEM_CONTAINER	item:object:cobbler-s-tools	container:tool-roll	1	1.0	Migrated from Allowed_Containers
ITEM_CONTAINER	item:object:cobbler-s-tools	container:chest	1	2.0	Migrated from Allowed_Containers
ITEM_CONTAINER	item:object:cobbler-s-tools	container:crate	1	3.0	Migrated from Allowed_Containers
ITEM_CONTAINER	item:object:composite-longbow	container:weapon-rack	1	1.0	Migrated from Allowed_Containers
ITEM_CONTAINER	item:object:composite-longbow	container:crate	1	2.0	Migrated from Allowed_Containers
ITEM_CONTAINER	item:object:composite-longbow	container:cart	1	3.0	Migrated from Allowed_Containers
ITEM_CONTAINER	item:object:composite-shortbow	container:weapon-rack	1	1.0	Migrated from Allowed_Containers
ITEM_CONTAINER	item:object:composite-shortbow	container:crate	1	2.0	Migrated from Allowed_Containers
ITEM_CONTAINER	item:object:composite-shortbow	container:cart	1	3.0	Migrated from Allowed_Containers
ITEM_CONTAINER	item:object:concealed-blade	container:pocket	1	1.0	Migrated from Allowed_Containers
ITEM_CONTAINER	item:object:concealed-blade	container:pouch	1	2.0	Migrated from Allowed_Containers
ITEM_CONTAINER	item:object:concealed-blade	container:weapon-rack	1	3.0	Migrated from Allowed_Containers
ITEM_CONTAINER	item:object:cook-s-utensils	container:chest	1	1.0	Migrated from Allowed_Containers
ITEM_CONTAINER	item:object:cook-s-utensils	container:crate	1	2.0	Migrated from Allowed_Containers
ITEM_CONTAINER	item:object:crampons	container:pouch	1	1.0	Migrated from Allowed_Containers
ITEM_CONTAINER	item:object:crampons	container:sack	1	2.0	Migrated from Allowed_Containers
ITEM_CONTAINER	item:object:crampons	container:crate	1	3.0	Migrated from Allowed_Containers
ITEM_CONTAINER	item:object:crossbow-hand	container:weapon-rack	1	1.0	Migrated from Allowed_Containers
ITEM_CONTAINER	item:object:crossbow-hand	container:crate	1	2.0	Migrated from Allowed_Containers
ITEM_CONTAINER	item:object:crossbow-heavy	container:weapon-rack	1	1.0	Migrated from Allowed_Containers
ITEM_CONTAINER	item:object:crossbow-heavy	container:crate	1	2.0	Migrated from Allowed_Containers
ITEM_CONTAINER	item:object:crossbow-heavy	container:cart	1	3.0	Migrated from Allowed_Containers
ITEM_CONTAINER	item:object:crossbow-light	container:weapon-rack	1	1.0	Migrated from Allowed_Containers
ITEM_CONTAINER	item:object:crossbow-light	container:crate	1	2.0	Migrated from Allowed_Containers
ITEM_CONTAINER	item:object:crossbow-light	container:cart	1	3.0	Migrated from Allowed_Containers
ITEM_CONTAINER	item:object:crowbar	container:sack	1	1.0	Migrated from Allowed_Containers
ITEM_CONTAINER	item:object:crowbar	container:crate	1	2.0	Migrated from Allowed_Containers
ITEM_CONTAINER	item:object:crystal	container:pocket	1	1.0	Migrated from Allowed_Containers
ITEM_CONTAINER	item:object:crystal	container:pouch	1	2.0	Migrated from Allowed_Containers
ITEM_CONTAINER	item:object:crystal	container:chest	1	3.0	Migrated from Allowed_Containers
ITEM_CONTAINER	item:object:dagger	container:pocket	1	1.0	Migrated from Allowed_Containers
ITEM_CONTAINER	item:object:dagger	container:pouch	1	2.0	Migrated from Allowed_Containers
ITEM_CONTAINER	item:object:dagger	container:weapon-rack	1	3.0	Migrated from Allowed_Containers
ITEM_CONTAINER	item:object:dagger	container:crate	1	4.0	Migrated from Allowed_Containers
ITEM_CONTAINER	item:object:dart	container:pouch	1	1.0	Migrated from Allowed_Containers
ITEM_CONTAINER	item:object:dart	container:crate	1	2.0	Migrated from Allowed_Containers
ITEM_CONTAINER	item:object:dice-set	container:pocket	1	1.0	Migrated from Allowed_Containers
ITEM_CONTAINER	item:object:dice-set	container:pouch	1	2.0	Migrated from Allowed_Containers
ITEM_CONTAINER	item:object:dice-set	container:chest	1	3.0	Migrated from Allowed_Containers
ITEM_CONTAINER	item:object:diplomat-s-pack	container:backpack	1	1.0	Migrated from Allowed_Containers
ITEM_CONTAINER	item:object:diplomat-s-pack	container:crate	1	2.0	Migrated from Allowed_Containers
ITEM_CONTAINER	item:object:diplomat-s-pack	container:cart	1	3.0	Migrated from Allowed_Containers
ITEM_CONTAINER	item:object:disguise-kit	container:pouch	1	1.0	Migrated from Allowed_Containers
ITEM_CONTAINER	item:object:disguise-kit	container:tool-roll	1	2.0	Migrated from Allowed_Containers
ITEM_CONTAINER	item:object:disguise-kit	container:chest	1	3.0	Migrated from Allowed_Containers
ITEM_CONTAINER	item:object:double-blade	container:weapon-rack	1	1.0	Migrated from Allowed_Containers
ITEM_CONTAINER	item:object:double-blade	container:crate	1	2.0	Migrated from Allowed_Containers
ITEM_CONTAINER	item:object:double-blade	container:cart	1	3.0	Migrated from Allowed_Containers
ITEM_CONTAINER	item:object:double-spear	container:weapon-rack	1	1.0	Migrated from Allowed_Containers
ITEM_CONTAINER	item:object:double-spear	container:crate	1	2.0	Migrated from Allowed_Containers
ITEM_CONTAINER	item:object:double-spear	container:cart	1	3.0	Migrated from Allowed_Containers
ITEM_CONTAINER	item:object:double-barrel-shotgun	container:weapon-rack	1	1.0	Migrated from Allowed_Containers
ITEM_CONTAINER	item:object:double-barrel-shotgun	container:crate	1	2.0	Migrated from Allowed_Containers
ITEM_CONTAINER	item:object:double-barrel-shotgun	container:cart	1	3.0	Migrated from Allowed_Containers
ITEM_CONTAINER	item:object:double-bladed-scimitar	container:weapon-rack	1	1.0	Migrated from Allowed_Containers
ITEM_CONTAINER	item:object:double-bladed-scimitar	container:crate	1	2.0	Migrated from Allowed_Containers
ITEM_CONTAINER	item:object:double-bladed-scimitar	container:cart	1	3.0	Migrated from Allowed_Containers
ITEM_CONTAINER	item:object:dragon-pistol	container:weapon-rack	1	1.0	Migrated from Allowed_Containers
ITEM_CONTAINER	item:object:dragon-pistol	container:crate	1	2.0	Migrated from Allowed_Containers
ITEM_CONTAINER	item:object:dragon-rifle	container:weapon-rack	1	1.0	Migrated from Allowed_Containers
ITEM_CONTAINER	item:object:dragon-rifle	container:crate	1	2.0	Migrated from Allowed_Containers
ITEM_CONTAINER	item:object:dragon-rifle	container:cart	1	3.0	Migrated from Allowed_Containers
ITEM_CONTAINER	item:object:dragon-shot	container:pouch	1	1.0	Migrated from Allowed_Containers
ITEM_CONTAINER	item:object:dragon-shot	container:crate	1	2.0	Migrated from Allowed_Containers
ITEM_CONTAINER	item:object:dragonchess-set	container:pouch	1	1.0	Migrated from Allowed_Containers
ITEM_CONTAINER	item:object:dragonchess-set	container:chest	1	2.0	Migrated from Allowed_Containers
ITEM_CONTAINER	item:object:drum	container:satchel	1	1.0	Migrated from Allowed_Containers
ITEM_CONTAINER	item:object:drum	container:chest	1	2.0	Migrated from Allowed_Containers
ITEM_CONTAINER	item:object:drum	container:crate	1	3.0	Migrated from Allowed_Containers
ITEM_CONTAINER	item:object:dulcimer	container:chest	1	1.0	Migrated from Allowed_Containers
ITEM_CONTAINER	item:object:dulcimer	container:crate	1	2.0	Migrated from Allowed_Containers
ITEM_CONTAINER	item:object:dungeoneer-s-pack	container:backpack	1	1.0	Migrated from Allowed_Containers
ITEM_CONTAINER	item:object:dungeoneer-s-pack	container:crate	1	2.0	Migrated from Allowed_Containers
ITEM_CONTAINER	item:object:dungeoneer-s-pack	container:cart	1	3.0	Migrated from Allowed_Containers
ITEM_CONTAINER	item:object:elite-rapier	container:weapon-rack	1	1.0	Migrated from Allowed_Containers
ITEM_CONTAINER	item:object:elite-rapier	container:crate	1	2.0	Migrated from Allowed_Containers
ITEM_CONTAINER	item:object:emblem	container:pocket	1	1.0	Migrated from Allowed_Containers
ITEM_CONTAINER	item:object:emblem	container:pouch	1	2.0	Migrated from Allowed_Containers
ITEM_CONTAINER	item:object:emblem	container:chest	1	3.0	Migrated from Allowed_Containers
ITEM_CONTAINER	item:object:energy-cell	container:pouch	1	1.0	Migrated from Allowed_Containers
ITEM_CONTAINER	item:object:energy-cell	container:crate	1	2.0	Migrated from Allowed_Containers
ITEM_CONTAINER	item:object:entertainer-s-pack	container:backpack	1	1.0	Migrated from Allowed_Containers
ITEM_CONTAINER	item:object:entertainer-s-pack	container:crate	1	2.0	Migrated from Allowed_Containers
ITEM_CONTAINER	item:object:entertainer-s-pack	container:cart	1	3.0	Migrated from Allowed_Containers
ITEM_CONTAINER	item:object:explorer-s-pack	container:backpack	1	1.0	Migrated from Allowed_Containers
ITEM_CONTAINER	item:object:explorer-s-pack	container:crate	1	2.0	Migrated from Allowed_Containers
ITEM_CONTAINER	item:object:explorer-s-pack	container:cart	1	3.0	Migrated from Allowed_Containers
ITEM_CONTAINER	item:object:feed-per-day	container:sack	1	1.0	Migrated from Allowed_Containers
ITEM_CONTAINER	item:object:feed-per-day	container:crate	1	2.0	Migrated from Allowed_Containers
ITEM_CONTAINER	item:object:feed-per-day	container:cart	1	3.0	Migrated from Allowed_Containers
ITEM_CONTAINER	item:object:fighting-chain	container:bundle	1	1.0	Migrated from Allowed_Containers
ITEM_CONTAINER	item:object:fighting-chain	container:crate	1	2.0	Migrated from Allowed_Containers
ITEM_CONTAINER	item:object:firearm-bullets	container:pouch	1	1.0	Migrated from Allowed_Containers
ITEM_CONTAINER	item:object:firearm-bullets	container:crate	1	2.0	Migrated from Allowed_Containers
ITEM_CONTAINER	item:object:flail	container:weapon-rack	1	1.0	Migrated from Allowed_Containers
ITEM_CONTAINER	item:object:flail	container:crate	1	2.0	Migrated from Allowed_Containers
ITEM_CONTAINER	item:object:flail	container:cart	1	3.0	Migrated from Allowed_Containers
ITEM_CONTAINER	item:object:flame-bellows	container:weapon-rack	1	1.0	Migrated from Allowed_Containers
ITEM_CONTAINER	item:object:flame-bellows	container:crate	1	2.0	Migrated from Allowed_Containers
ITEM_CONTAINER	item:object:flame-bellows	container:cart	1	3.0	Migrated from Allowed_Containers
ITEM_CONTAINER	item:object:flare-gun	container:weapon-rack	1	1.0	Migrated from Allowed_Containers
ITEM_CONTAINER	item:object:flare-gun	container:crate	1	2.0	Migrated from Allowed_Containers
ITEM_CONTAINER	item:object:flare	container:pouch	1	1.0	Migrated from Allowed_Containers
ITEM_CONTAINER	item:object:flare	container:crate	1	2.0	Migrated from Allowed_Containers
ITEM_CONTAINER	item:object:flute	container:pouch	1	1.0	Migrated from Allowed_Containers
ITEM_CONTAINER	item:object:flute	container:satchel	1	2.0	Migrated from Allowed_Containers
ITEM_CONTAINER	item:object:flute	container:chest	1	3.0	Migrated from Allowed_Containers
ITEM_CONTAINER	item:object:forgery-kit	container:tool-roll	1	1.0	Migrated from Allowed_Containers
ITEM_CONTAINER	item:object:forgery-kit	container:chest	1	2.0	Migrated from Allowed_Containers
ITEM_CONTAINER	item:object:forgery-kit	container:crate	1	3.0	Migrated from Allowed_Containers
ITEM_CONTAINER	item:object:gatling-gun	container:crate	1	1.0	Migrated from Allowed_Containers
ITEM_CONTAINER	item:object:gatling-gun	container:cart	1	2.0	Migrated from Allowed_Containers
ITEM_CONTAINER	item:object:gladiator-net	container:bundle	1	1.0	Migrated from Allowed_Containers
ITEM_CONTAINER	item:object:gladiator-net	container:sack	1	2.0	Migrated from Allowed_Containers
ITEM_CONTAINER	item:object:gladiator-net	container:crate	1	3.0	Migrated from Allowed_Containers
ITEM_CONTAINER	item:object:glaive	container:weapon-rack	1	1.0	Migrated from Allowed_Containers
ITEM_CONTAINER	item:object:glaive	container:crate	1	2.0	Migrated from Allowed_Containers
ITEM_CONTAINER	item:object:glaive	container:cart	1	3.0	Migrated from Allowed_Containers
ITEM_CONTAINER	item:object:glassblower-s-tools	container:chest	1	1.0	Migrated from Allowed_Containers
ITEM_CONTAINER	item:object:glassblower-s-tools	container:crate	1	2.0	Migrated from Allowed_Containers
ITEM_CONTAINER	item:object:grappling-gun	container:weapon-rack	1	1.0	Migrated from Allowed_Containers
ITEM_CONTAINER	item:object:grappling-gun	container:crate	1	2.0	Migrated from Allowed_Containers
ITEM_CONTAINER	item:object:grappling-hook	container:sack	1	1.0	Migrated from Allowed_Containers
ITEM_CONTAINER	item:object:grappling-hook	container:crate	1	2.0	Migrated from Allowed_Containers
ITEM_CONTAINER	item:object:greataxe	container:weapon-rack	1	1.0	Migrated from Allowed_Containers
ITEM_CONTAINER	item:object:greataxe	container:crate	1	2.0	Migrated from Allowed_Containers
ITEM_CONTAINER	item:object:greataxe	container:cart	1	3.0	Migrated from Allowed_Containers
ITEM_CONTAINER	item:object:greatclub	container:weapon-rack	1	1.0	Migrated from Allowed_Containers
ITEM_CONTAINER	item:object:greatclub	container:crate	1	2.0	Migrated from Allowed_Containers
ITEM_CONTAINER	item:object:greatclub	container:cart	1	3.0	Migrated from Allowed_Containers
ITEM_CONTAINER	item:object:greatsword	container:weapon-rack	1	1.0	Migrated from Allowed_Containers
ITEM_CONTAINER	item:object:greatsword	container:crate	1	2.0	Migrated from Allowed_Containers
ITEM_CONTAINER	item:object:greatsword	container:cart	1	3.0	Migrated from Allowed_Containers
ITEM_CONTAINER	item:object:grenade-launcher	container:weapon-rack	1	1.0	Migrated from Allowed_Containers
ITEM_CONTAINER	item:object:grenade-launcher	container:crate	1	2.0	Migrated from Allowed_Containers
ITEM_CONTAINER	item:object:grenade-launcher	container:cart	1	3.0	Migrated from Allowed_Containers
ITEM_CONTAINER	item:object:guardian-poleaxe	container:weapon-rack	1	1.0	Migrated from Allowed_Containers
ITEM_CONTAINER	item:object:guardian-poleaxe	container:crate	1	2.0	Migrated from Allowed_Containers
ITEM_CONTAINER	item:object:guardian-poleaxe	container:cart	1	3.0	Migrated from Allowed_Containers
ITEM_CONTAINER	item:object:halberd	container:weapon-rack	1	1.0	Migrated from Allowed_Containers
ITEM_CONTAINER	item:object:halberd	container:crate	1	2.0	Migrated from Allowed_Containers
ITEM_CONTAINER	item:object:halberd	container:cart	1	3.0	Migrated from Allowed_Containers
ITEM_CONTAINER	item:object:half-plate	container:crate	1	1.0	Migrated from Allowed_Containers
ITEM_CONTAINER	item:object:half-plate	container:cart	1	2.0	Migrated from Allowed_Containers
ITEM_CONTAINER	item:object:hammer	container:tool-roll	1	1.0	Migrated from Allowed_Containers
ITEM_CONTAINER	item:object:hammer	container:crate	1	2.0	Migrated from Allowed_Containers
ITEM_CONTAINER	item:object:hammer-sledge	container:crate	1	1.0	Migrated from Allowed_Containers
ITEM_CONTAINER	item:object:hammer-sledge	container:cart	1	2.0	Migrated from Allowed_Containers
ITEM_CONTAINER	item:object:hand-drum	container:satchel	1	1.0	Migrated from Allowed_Containers
ITEM_CONTAINER	item:object:hand-drum	container:chest	1	2.0	Migrated from Allowed_Containers
ITEM_CONTAINER	item:object:hand-drum	container:crate	1	3.0	Migrated from Allowed_Containers
ITEM_CONTAINER	item:object:hand-mortar-exandria	container:weapon-rack	1	1.0	Migrated from Allowed_Containers
ITEM_CONTAINER	item:object:hand-mortar-exandria	container:crate	1	2.0	Migrated from Allowed_Containers
ITEM_CONTAINER	item:object:hand-mortar-exandria	container:cart	1	3.0	Migrated from Allowed_Containers
ITEM_CONTAINER	item:object:hand-mortar-ammunition	container:pouch	1	1.0	Migrated from Allowed_Containers
ITEM_CONTAINER	item:object:hand-mortar-ammunition	container:crate	1	2.0	Migrated from Allowed_Containers
ITEM_CONTAINER	item:object:handaxe	container:weapon-rack	1	1.0	Migrated from Allowed_Containers
ITEM_CONTAINER	item:object:handaxe	container:crate	1	2.0	Migrated from Allowed_Containers
ITEM_CONTAINER	item:object:handaxe	container:cart	1	3.0	Migrated from Allowed_Containers
ITEM_CONTAINER	item:object:handgun	container:weapon-rack	1	1.0	Migrated from Allowed_Containers
ITEM_CONTAINER	item:object:handgun	container:crate	1	2.0	Migrated from Allowed_Containers
ITEM_CONTAINER	item:object:healer-s-kit	container:pouch	1	1.0	Migrated from Allowed_Containers
ITEM_CONTAINER	item:object:healer-s-kit	container:satchel	1	2.0	Migrated from Allowed_Containers
ITEM_CONTAINER	item:object:healer-s-kit	container:chest	1	3.0	Migrated from Allowed_Containers
ITEM_CONTAINER	item:object:helm	container:chest	1	1.0	Migrated from Allowed_Containers
ITEM_CONTAINER	item:object:helm	container:crate	1	2.0	Migrated from Allowed_Containers
ITEM_CONTAINER	item:object:herbalism-kit	container:pouch	1	1.0	Migrated from Allowed_Containers
ITEM_CONTAINER	item:object:herbalism-kit	container:tool-roll	1	2.0	Migrated from Allowed_Containers
ITEM_CONTAINER	item:object:herbalism-kit	container:chest	1	3.0	Migrated from Allowed_Containers
ITEM_CONTAINER	item:object:hide	container:bundle	1	1.0	Migrated from Allowed_Containers
ITEM_CONTAINER	item:object:hide	container:crate	1	2.0	Migrated from Allowed_Containers
ITEM_CONTAINER	item:object:hide	container:cart	1	3.0	Migrated from Allowed_Containers
ITEM_CONTAINER	item:object:hoopak-ranged	container:weapon-rack	1	1.0	Migrated from Allowed_Containers
ITEM_CONTAINER	item:object:hoopak-ranged	container:crate	1	2.0	Migrated from Allowed_Containers
ITEM_CONTAINER	item:object:hoopak-ranged	container:cart	1	3.0	Migrated from Allowed_Containers
ITEM_CONTAINER	item:object:horn	container:satchel	1	1.0	Migrated from Allowed_Containers
ITEM_CONTAINER	item:object:horn	container:chest	1	2.0	Migrated from Allowed_Containers
ITEM_CONTAINER	item:object:hourglass	container:chest	1	1.0	Migrated from Allowed_Containers
ITEM_CONTAINER	item:object:hunting-rifle	container:weapon-rack	1	1.0	Migrated from Allowed_Containers
ITEM_CONTAINER	item:object:hunting-rifle	container:crate	1	2.0	Migrated from Allowed_Containers
ITEM_CONTAINER	item:object:hunting-rifle	container:cart	1	3.0	Migrated from Allowed_Containers
ITEM_CONTAINER	item:object:hunting-trap	container:crate	1	1.0	Migrated from Allowed_Containers
ITEM_CONTAINER	item:object:hunting-trap	container:cart	1	2.0	Migrated from Allowed_Containers
ITEM_CONTAINER	item:object:iron-net	container:bundle	1	1.0	Migrated from Allowed_Containers
ITEM_CONTAINER	item:object:iron-net	container:sack	1	2.0	Migrated from Allowed_Containers
ITEM_CONTAINER	item:object:iron-net	container:crate	1	3.0	Migrated from Allowed_Containers
ITEM_CONTAINER	item:object:javelin	container:weapon-rack	1	1.0	Migrated from Allowed_Containers
ITEM_CONTAINER	item:object:javelin	container:crate	1	2.0	Migrated from Allowed_Containers
ITEM_CONTAINER	item:object:javelin	container:cart	1	3.0	Migrated from Allowed_Containers
ITEM_CONTAINER	item:object:jeweler-s-tools	container:pouch	1	1.0	Migrated from Allowed_Containers
ITEM_CONTAINER	item:object:jeweler-s-tools	container:tool-roll	1	2.0	Migrated from Allowed_Containers
ITEM_CONTAINER	item:object:jeweler-s-tools	container:chest	1	3.0	Migrated from Allowed_Containers
ITEM_CONTAINER	item:object:knightly-lance	container:weapon-rack	1	1.0	Migrated from Allowed_Containers
ITEM_CONTAINER	item:object:knightly-lance	container:crate	1	2.0	Migrated from Allowed_Containers
ITEM_CONTAINER	item:object:knightly-lance	container:cart	1	3.0	Migrated from Allowed_Containers
ITEM_CONTAINER	item:object:knightly-sword	container:weapon-rack	1	1.0	Migrated from Allowed_Containers
ITEM_CONTAINER	item:object:knightly-sword	container:crate	1	2.0	Migrated from Allowed_Containers
ITEM_CONTAINER	item:object:ladder-10-foot	container:crate	1	1.0	Migrated from Allowed_Containers
ITEM_CONTAINER	item:object:ladder-10-foot	container:cart	1	2.0	Migrated from Allowed_Containers
ITEM_CONTAINER	item:object:lance	container:weapon-rack	1	1.0	Migrated from Allowed_Containers
ITEM_CONTAINER	item:object:lance	container:crate	1	2.0	Migrated from Allowed_Containers
ITEM_CONTAINER	item:object:lance	container:cart	1	3.0	Migrated from Allowed_Containers
ITEM_CONTAINER	item:object:laser-pistol	container:weapon-rack	1	1.0	Migrated from Allowed_Containers
ITEM_CONTAINER	item:object:laser-pistol	container:crate	1	2.0	Migrated from Allowed_Containers
ITEM_CONTAINER	item:object:laser-rifle	container:weapon-rack	1	1.0	Migrated from Allowed_Containers
ITEM_CONTAINER	item:object:laser-rifle	container:crate	1	2.0	Migrated from Allowed_Containers
ITEM_CONTAINER	item:object:laser-rifle	container:cart	1	3.0	Migrated from Allowed_Containers
ITEM_CONTAINER	item:object:leather	container:bundle	1	1.0	Migrated from Allowed_Containers
ITEM_CONTAINER	item:object:leather	container:chest	1	2.0	Migrated from Allowed_Containers
ITEM_CONTAINER	item:object:leather	container:crate	1	3.0	Migrated from Allowed_Containers
ITEM_CONTAINER	item:object:leatherworker-s-tools	container:tool-roll	1	1.0	Migrated from Allowed_Containers
ITEM_CONTAINER	item:object:leatherworker-s-tools	container:chest	1	2.0	Migrated from Allowed_Containers
ITEM_CONTAINER	item:object:leatherworker-s-tools	container:crate	1	3.0	Migrated from Allowed_Containers
ITEM_CONTAINER	item:object:light-hammer	container:weapon-rack	1	1.0	Migrated from Allowed_Containers
ITEM_CONTAINER	item:object:light-hammer	container:crate	1	2.0	Migrated from Allowed_Containers
ITEM_CONTAINER	item:object:light-hammer	container:cart	1	3.0	Migrated from Allowed_Containers
ITEM_CONTAINER	item:object:lock	container:pocket	1	1.0	Migrated from Allowed_Containers
ITEM_CONTAINER	item:object:lock	container:pouch	1	2.0	Migrated from Allowed_Containers
ITEM_CONTAINER	item:object:lock	container:chest	1	3.0	Migrated from Allowed_Containers
ITEM_CONTAINER	item:object:longbow	container:weapon-rack	1	1.0	Migrated from Allowed_Containers
ITEM_CONTAINER	item:object:longbow	container:crate	1	2.0	Migrated from Allowed_Containers
ITEM_CONTAINER	item:object:longbow	container:cart	1	3.0	Migrated from Allowed_Containers
ITEM_CONTAINER	item:object:longhorn	container:pouch	1	1.0	Migrated from Allowed_Containers
ITEM_CONTAINER	item:object:longhorn	container:satchel	1	2.0	Migrated from Allowed_Containers
ITEM_CONTAINER	item:object:longhorn	container:chest	1	3.0	Migrated from Allowed_Containers
ITEM_CONTAINER	item:object:longsword	container:weapon-rack	1	1.0	Migrated from Allowed_Containers
ITEM_CONTAINER	item:object:longsword	container:crate	1	2.0	Migrated from Allowed_Containers
ITEM_CONTAINER	item:object:lute	container:satchel	1	1.0	Migrated from Allowed_Containers
ITEM_CONTAINER	item:object:lute	container:chest	1	2.0	Migrated from Allowed_Containers
ITEM_CONTAINER	item:object:lyre	container:satchel	1	1.0	Migrated from Allowed_Containers
ITEM_CONTAINER	item:object:lyre	container:chest	1	2.0	Migrated from Allowed_Containers
ITEM_CONTAINER	item:object:mace	container:weapon-rack	1	1.0	Migrated from Allowed_Containers
ITEM_CONTAINER	item:object:mace	container:crate	1	2.0	Migrated from Allowed_Containers
ITEM_CONTAINER	item:object:mace	container:cart	1	3.0	Migrated from Allowed_Containers
ITEM_CONTAINER	item:object:magazine	container:pouch	1	1.0	Migrated from Allowed_Containers
ITEM_CONTAINER	item:object:magazine	container:crate	1	2.0	Migrated from Allowed_Containers
ITEM_CONTAINER	item:object:magnifying-glass	container:pocket	1	1.0	Migrated from Allowed_Containers
ITEM_CONTAINER	item:object:magnifying-glass	container:pouch	1	2.0	Migrated from Allowed_Containers
ITEM_CONTAINER	item:object:magnifying-glass	container:chest	1	3.0	Migrated from Allowed_Containers
ITEM_CONTAINER	item:object:magnum	container:weapon-rack	1	1.0	Migrated from Allowed_Containers
ITEM_CONTAINER	item:object:magnum	container:crate	1	2.0	Migrated from Allowed_Containers
ITEM_CONTAINER	item:object:manacles	container:sack	1	1.0	Migrated from Allowed_Containers
ITEM_CONTAINER	item:object:manacles	container:crate	1	2.0	Migrated from Allowed_Containers
ITEM_CONTAINER	item:object:map	container:scroll-tube	1	1.0	Migrated from Allowed_Containers
ITEM_CONTAINER	item:object:map	container:chest	1	2.0	Migrated from Allowed_Containers
ITEM_CONTAINER	item:object:mason-s-tools	container:chest	1	1.0	Migrated from Allowed_Containers
ITEM_CONTAINER	item:object:mason-s-tools	container:crate	1	2.0	Migrated from Allowed_Containers
ITEM_CONTAINER	item:object:maul	container:weapon-rack	1	1.0	Migrated from Allowed_Containers
ITEM_CONTAINER	item:object:maul	container:crate	1	2.0	Migrated from Allowed_Containers
ITEM_CONTAINER	item:object:maul	container:cart	1	3.0	Migrated from Allowed_Containers
ITEM_CONTAINER	item:object:mess-kit	container:pouch	1	1.0	Migrated from Allowed_Containers
ITEM_CONTAINER	item:object:mess-kit	container:sack	1	2.0	Migrated from Allowed_Containers
ITEM_CONTAINER	item:object:mess-kit	container:crate	1	3.0	Migrated from Allowed_Containers
ITEM_CONTAINER	item:object:military-fork	container:weapon-rack	1	1.0	Migrated from Allowed_Containers
ITEM_CONTAINER	item:object:military-fork	container:crate	1	2.0	Migrated from Allowed_Containers
ITEM_CONTAINER	item:object:military-fork	container:cart	1	3.0	Migrated from Allowed_Containers
ITEM_CONTAINER	item:object:mirror-steel	container:pouch	1	1.0	Migrated from Allowed_Containers
ITEM_CONTAINER	item:object:mirror-steel	container:chest	1	2.0	Migrated from Allowed_Containers
ITEM_CONTAINER	item:object:monster-hunter-s-pack	container:backpack	1	1.0	Migrated from Allowed_Containers
ITEM_CONTAINER	item:object:monster-hunter-s-pack	container:crate	1	2.0	Migrated from Allowed_Containers
ITEM_CONTAINER	item:object:monster-hunter-s-pack	container:cart	1	3.0	Migrated from Allowed_Containers
ITEM_CONTAINER	item:object:morningstar	container:weapon-rack	1	1.0	Migrated from Allowed_Containers
ITEM_CONTAINER	item:object:morningstar	container:crate	1	2.0	Migrated from Allowed_Containers
ITEM_CONTAINER	item:object:musket	container:weapon-rack	1	1.0	Migrated from Allowed_Containers
ITEM_CONTAINER	item:object:musket	container:crate	1	2.0	Migrated from Allowed_Containers
ITEM_CONTAINER	item:object:musket	container:cart	1	3.0	Migrated from Allowed_Containers
ITEM_CONTAINER	item:object:musket-exandria	container:weapon-rack	1	1.0	Migrated from Allowed_Containers
ITEM_CONTAINER	item:object:musket-exandria	container:crate	1	2.0	Migrated from Allowed_Containers
ITEM_CONTAINER	item:object:musket-exandria	container:cart	1	3.0	Migrated from Allowed_Containers
ITEM_CONTAINER	item:object:musket-exandria-bullets	container:pouch	1	1.0	Migrated from Allowed_Containers
ITEM_CONTAINER	item:object:musket-exandria-bullets	container:crate	1	2.0	Migrated from Allowed_Containers
ITEM_CONTAINER	item:object:navigator-s-tools	container:pouch	1	1.0	Migrated from Allowed_Containers
ITEM_CONTAINER	item:object:navigator-s-tools	container:tool-roll	1	2.0	Migrated from Allowed_Containers
ITEM_CONTAINER	item:object:navigator-s-tools	container:chest	1	3.0	Migrated from Allowed_Containers
ITEM_CONTAINER	item:object:needles	container:crossbow-bolt-case	1	1.0	Migrated from Allowed_Containers
ITEM_CONTAINER	item:object:needles	container:pouch	1	2.0	Migrated from Allowed_Containers
ITEM_CONTAINER	item:object:needles	container:crate	1	3.0	Migrated from Allowed_Containers
ITEM_CONTAINER	item:object:net	container:bundle	1	1.0	Migrated from Allowed_Containers
ITEM_CONTAINER	item:object:net	container:sack	1	2.0	Migrated from Allowed_Containers
ITEM_CONTAINER	item:object:net	container:crate	1	3.0	Migrated from Allowed_Containers
ITEM_CONTAINER	item:object:noisemaker	container:sack	1	1.0	Migrated from Allowed_Containers
ITEM_CONTAINER	item:object:noisemaker	container:crate	1	2.0	Migrated from Allowed_Containers
ITEM_CONTAINER	item:object:orb	container:pouch	1	1.0	Migrated from Allowed_Containers
ITEM_CONTAINER	item:object:orb	container:chest	1	2.0	Migrated from Allowed_Containers
ITEM_CONTAINER	item:object:padded	container:bundle	1	1.0	Migrated from Allowed_Containers
ITEM_CONTAINER	item:object:padded	container:chest	1	2.0	Migrated from Allowed_Containers
ITEM_CONTAINER	item:object:padded	container:crate	1	3.0	Migrated from Allowed_Containers
ITEM_CONTAINER	item:object:painter-s-supplies	container:tool-roll	1	1.0	Migrated from Allowed_Containers
ITEM_CONTAINER	item:object:painter-s-supplies	container:chest	1	2.0	Migrated from Allowed_Containers
ITEM_CONTAINER	item:object:painter-s-supplies	container:crate	1	3.0	Migrated from Allowed_Containers
ITEM_CONTAINER	item:object:palm-pistol-exandria	container:pocket	1	1.0	Migrated from Allowed_Containers
ITEM_CONTAINER	item:object:palm-pistol-exandria	container:pouch	1	2.0	Migrated from Allowed_Containers
ITEM_CONTAINER	item:object:palm-pistol-exandria	container:weapon-rack	1	3.0	Migrated from Allowed_Containers
ITEM_CONTAINER	item:object:palm-pistol-exandria	container:crate	1	4.0	Migrated from Allowed_Containers
ITEM_CONTAINER	item:object:palm-pistol-bullets	container:pouch	1	1.0	Migrated from Allowed_Containers
ITEM_CONTAINER	item:object:palm-pistol-bullets	container:crate	1	2.0	Migrated from Allowed_Containers
ITEM_CONTAINER	item:object:pan-flute	container:pouch	1	1.0	Migrated from Allowed_Containers
ITEM_CONTAINER	item:object:pan-flute	container:satchel	1	2.0	Migrated from Allowed_Containers
ITEM_CONTAINER	item:object:pan-flute	container:chest	1	3.0	Migrated from Allowed_Containers
ITEM_CONTAINER	item:object:paper-cartridge-bullet	container:pouch	1	1.0	Migrated from Allowed_Containers
ITEM_CONTAINER	item:object:paper-cartridge-bullet	container:crate	1	2.0	Migrated from Allowed_Containers
ITEM_CONTAINER	item:object:parlor-gun	container:pocket	1	1.0	Migrated from Allowed_Containers
ITEM_CONTAINER	item:object:parlor-gun	container:pouch	1	2.0	Migrated from Allowed_Containers
ITEM_CONTAINER	item:object:parlor-gun	container:weapon-rack	1	3.0	Migrated from Allowed_Containers
ITEM_CONTAINER	item:object:parlor-gun	container:crate	1	4.0	Migrated from Allowed_Containers
ITEM_CONTAINER	item:object:parrying-dagger	container:pocket	1	1.0	Migrated from Allowed_Containers
ITEM_CONTAINER	item:object:parrying-dagger	container:pouch	1	2.0	Migrated from Allowed_Containers
ITEM_CONTAINER	item:object:parrying-dagger	container:weapon-rack	1	3.0	Migrated from Allowed_Containers
ITEM_CONTAINER	item:object:parrying-dagger	container:crate	1	4.0	Migrated from Allowed_Containers
ITEM_CONTAINER	item:object:pepperbox-exandria	container:weapon-rack	1	1.0	Migrated from Allowed_Containers
ITEM_CONTAINER	item:object:pepperbox-exandria	container:crate	1	2.0	Migrated from Allowed_Containers
ITEM_CONTAINER	item:object:pepperbox-bullets	container:pouch	1	1.0	Migrated from Allowed_Containers
ITEM_CONTAINER	item:object:pepperbox-bullets	container:crate	1	2.0	Migrated from Allowed_Containers
ITEM_CONTAINER	item:object:pick-miner-s	container:crate	1	1.0	Migrated from Allowed_Containers
ITEM_CONTAINER	item:object:pick-miner-s	container:cart	1	2.0	Migrated from Allowed_Containers
ITEM_CONTAINER	item:object:pike	container:weapon-rack	1	1.0	Migrated from Allowed_Containers
ITEM_CONTAINER	item:object:pike	container:crate	1	2.0	Migrated from Allowed_Containers
ITEM_CONTAINER	item:object:pike	container:cart	1	3.0	Migrated from Allowed_Containers
ITEM_CONTAINER	item:object:pistol	container:weapon-rack	1	1.0	Migrated from Allowed_Containers
ITEM_CONTAINER	item:object:pistol	container:crate	1	2.0	Migrated from Allowed_Containers
ITEM_CONTAINER	item:object:pistol-exandria	container:weapon-rack	1	1.0	Migrated from Allowed_Containers
ITEM_CONTAINER	item:object:pistol-exandria	container:crate	1	2.0	Migrated from Allowed_Containers
ITEM_CONTAINER	item:object:pistol-exandria-bullets	container:pouch	1	1.0	Migrated from Allowed_Containers
ITEM_CONTAINER	item:object:pistol-exandria-bullets	container:crate	1	2.0	Migrated from Allowed_Containers
ITEM_CONTAINER	item:object:pistol-automatic	container:weapon-rack	1	1.0	Migrated from Allowed_Containers
ITEM_CONTAINER	item:object:pistol-automatic	container:crate	1	2.0	Migrated from Allowed_Containers
ITEM_CONTAINER	item:object:piton	container:pouch	1	1.0	Migrated from Allowed_Containers
ITEM_CONTAINER	item:object:piton	container:crate	1	2.0	Migrated from Allowed_Containers
ITEM_CONTAINER	item:object:plate	container:crate	1	1.0	Migrated from Allowed_Containers
ITEM_CONTAINER	item:object:plate	container:cart	1	2.0	Migrated from Allowed_Containers
ITEM_CONTAINER	item:object:playing-card-set	container:pocket	1	1.0	Migrated from Allowed_Containers
ITEM_CONTAINER	item:object:playing-card-set	container:pouch	1	2.0	Migrated from Allowed_Containers
ITEM_CONTAINER	item:object:playing-card-set	container:chest	1	3.0	Migrated from Allowed_Containers
ITEM_CONTAINER	item:object:poisoner-s-kit	container:pouch	1	1.0	Migrated from Allowed_Containers
ITEM_CONTAINER	item:object:poisoner-s-kit	container:tool-roll	1	2.0	Migrated from Allowed_Containers
ITEM_CONTAINER	item:object:poisoner-s-kit	container:chest	1	3.0	Migrated from Allowed_Containers
ITEM_CONTAINER	item:object:pole-10-foot	container:crate	1	1.0	Migrated from Allowed_Containers
ITEM_CONTAINER	item:object:pole-10-foot	container:cart	1	2.0	Migrated from Allowed_Containers
ITEM_CONTAINER	item:object:polearm	container:weapon-rack	1	1.0	Migrated from Allowed_Containers
ITEM_CONTAINER	item:object:polearm	container:crate	1	2.0	Migrated from Allowed_Containers
ITEM_CONTAINER	item:object:polearm	container:cart	1	3.0	Migrated from Allowed_Containers
ITEM_CONTAINER	item:object:portable-ram	container:crate	1	1.0	Migrated from Allowed_Containers
ITEM_CONTAINER	item:object:portable-ram	container:cart	1	2.0	Migrated from Allowed_Containers
ITEM_CONTAINER	item:object:potter-s-tools	container:tool-roll	1	1.0	Migrated from Allowed_Containers
ITEM_CONTAINER	item:object:potter-s-tools	container:chest	1	2.0	Migrated from Allowed_Containers
ITEM_CONTAINER	item:object:potter-s-tools	container:crate	1	3.0	Migrated from Allowed_Containers
ITEM_CONTAINER	item:object:powered-armor	container:crate	1	1.0	Migrated from Allowed_Containers
ITEM_CONTAINER	item:object:powered-armor	container:cart	1	2.0	Migrated from Allowed_Containers
ITEM_CONTAINER	item:object:pride-silk-outfit	container:bundle	1	1.0	Migrated from Allowed_Containers
ITEM_CONTAINER	item:object:pride-silk-outfit	container:chest	1	2.0	Migrated from Allowed_Containers
ITEM_CONTAINER	item:object:pride-silk-outfit	container:crate	1	3.0	Migrated from Allowed_Containers
ITEM_CONTAINER	item:object:priest-s-pack	container:backpack	1	1.0	Migrated from Allowed_Containers
ITEM_CONTAINER	item:object:priest-s-pack	container:crate	1	2.0	Migrated from Allowed_Containers
ITEM_CONTAINER	item:object:priest-s-pack	container:cart	1	3.0	Migrated from Allowed_Containers
ITEM_CONTAINER	item:object:prosthetics	container:chest	1	1.0	Migrated from Allowed_Containers
ITEM_CONTAINER	item:object:prosthetics	container:crate	1	2.0	Migrated from Allowed_Containers
ITEM_CONTAINER	item:object:pump-shotgun	container:weapon-rack	1	1.0	Migrated from Allowed_Containers
ITEM_CONTAINER	item:object:pump-shotgun	container:crate	1	2.0	Migrated from Allowed_Containers
ITEM_CONTAINER	item:object:pump-shotgun	container:cart	1	3.0	Migrated from Allowed_Containers
ITEM_CONTAINER	item:object:punching-dagger	container:pocket	1	1.0	Migrated from Allowed_Containers
ITEM_CONTAINER	item:object:punching-dagger	container:pouch	1	2.0	Migrated from Allowed_Containers
ITEM_CONTAINER	item:object:punching-dagger	container:weapon-rack	1	3.0	Migrated from Allowed_Containers
ITEM_CONTAINER	item:object:punching-dagger	container:crate	1	4.0	Migrated from Allowed_Containers
ITEM_CONTAINER	item:object:quarterstaff	container:weapon-rack	1	1.0	Migrated from Allowed_Containers
ITEM_CONTAINER	item:object:quarterstaff	container:crate	1	2.0	Migrated from Allowed_Containers
ITEM_CONTAINER	item:object:quarterstaff	container:cart	1	3.0	Migrated from Allowed_Containers
ITEM_CONTAINER	item:object:rain-catcher	container:sack	1	1.0	Migrated from Allowed_Containers
ITEM_CONTAINER	item:object:rain-catcher	container:crate	1	2.0	Migrated from Allowed_Containers
ITEM_CONTAINER	item:object:rapier	container:weapon-rack	1	1.0	Migrated from Allowed_Containers
ITEM_CONTAINER	item:object:rapier	container:crate	1	2.0	Migrated from Allowed_Containers
ITEM_CONTAINER	item:object:reliquary	container:pouch	1	1.0	Migrated from Allowed_Containers
ITEM_CONTAINER	item:object:reliquary	container:chest	1	2.0	Migrated from Allowed_Containers
ITEM_CONTAINER	item:object:repeater-crossbow	container:weapon-rack	1	1.0	Migrated from Allowed_Containers
ITEM_CONTAINER	item:object:repeater-crossbow	container:crate	1	2.0	Migrated from Allowed_Containers
ITEM_CONTAINER	item:object:repeater-crossbow	container:cart	1	3.0	Migrated from Allowed_Containers
ITEM_CONTAINER	item:object:repeater-crossbow-hand	container:weapon-rack	1	1.0	Migrated from Allowed_Containers
ITEM_CONTAINER	item:object:repeater-crossbow-hand	container:crate	1	2.0	Migrated from Allowed_Containers
ITEM_CONTAINER	item:object:repeater-crossbow-heavy	container:weapon-rack	1	1.0	Migrated from Allowed_Containers
ITEM_CONTAINER	item:object:repeater-crossbow-heavy	container:crate	1	2.0	Migrated from Allowed_Containers
ITEM_CONTAINER	item:object:repeater-crossbow-heavy	container:cart	1	3.0	Migrated from Allowed_Containers
ITEM_CONTAINER	item:object:repeater-needler	container:weapon-rack	1	1.0	Migrated from Allowed_Containers
ITEM_CONTAINER	item:object:repeater-needler	container:crate	1	2.0	Migrated from Allowed_Containers
ITEM_CONTAINER	item:object:repeater-slinger	container:weapon-rack	1	1.0	Migrated from Allowed_Containers
ITEM_CONTAINER	item:object:repeater-slinger	container:crate	1	2.0	Migrated from Allowed_Containers
ITEM_CONTAINER	item:object:repeater-slinger	container:cart	1	3.0	Migrated from Allowed_Containers
ITEM_CONTAINER	item:object:retractable-shield	container:weapon-rack	1	1.0	Migrated from Allowed_Containers
ITEM_CONTAINER	item:object:retractable-shield	container:crate	1	2.0	Migrated from Allowed_Containers
ITEM_CONTAINER	item:object:retractable-shield	container:cart	1	3.0	Migrated from Allowed_Containers
ITEM_CONTAINER	item:object:returning-club	container:weapon-rack	1	1.0	Migrated from Allowed_Containers
ITEM_CONTAINER	item:object:returning-club	container:crate	1	2.0	Migrated from Allowed_Containers
ITEM_CONTAINER	item:object:returning-club	container:cart	1	3.0	Migrated from Allowed_Containers
ITEM_CONTAINER	item:object:revolver	container:weapon-rack	1	1.0	Migrated from Allowed_Containers
ITEM_CONTAINER	item:object:revolver	container:crate	1	2.0	Migrated from Allowed_Containers
ITEM_CONTAINER	item:object:revolver-tgc	container:weapon-rack	1	1.0	Migrated from Allowed_Containers
ITEM_CONTAINER	item:object:revolver-tgc	container:crate	1	2.0	Migrated from Allowed_Containers
ITEM_CONTAINER	item:object:rifle-automatic	container:weapon-rack	1	1.0	Migrated from Allowed_Containers
ITEM_CONTAINER	item:object:rifle-automatic	container:crate	1	2.0	Migrated from Allowed_Containers
ITEM_CONTAINER	item:object:rifle-automatic	container:cart	1	3.0	Migrated from Allowed_Containers
ITEM_CONTAINER	item:object:rifle-hunting	container:weapon-rack	1	1.0	Migrated from Allowed_Containers
ITEM_CONTAINER	item:object:rifle-hunting	container:crate	1	2.0	Migrated from Allowed_Containers
ITEM_CONTAINER	item:object:rifle-hunting	container:cart	1	3.0	Migrated from Allowed_Containers
ITEM_CONTAINER	item:object:ring-mail	container:crate	1	1.0	Migrated from Allowed_Containers
ITEM_CONTAINER	item:object:ring-mail	container:cart	1	2.0	Migrated from Allowed_Containers
ITEM_CONTAINER	item:object:robes	container:bundle	1	1.0	Migrated from Allowed_Containers
ITEM_CONTAINER	item:object:robes	container:sack	1	2.0	Migrated from Allowed_Containers
ITEM_CONTAINER	item:object:robes	container:chest	1	3.0	Migrated from Allowed_Containers
ITEM_CONTAINER	item:object:robes	container:crate	1	4.0	Migrated from Allowed_Containers
ITEM_CONTAINER	item:object:rod	container:satchel	1	1.0	Migrated from Allowed_Containers
ITEM_CONTAINER	item:object:rod	container:chest	1	2.0	Migrated from Allowed_Containers
ITEM_CONTAINER	item:object:rod	container:crate	1	3.0	Migrated from Allowed_Containers
ITEM_CONTAINER	item:object:rope-50-feet	container:bundle	1	1.0	Migrated from Allowed_Containers
ITEM_CONTAINER	item:object:rope-50-feet	container:sack	1	2.0	Migrated from Allowed_Containers
ITEM_CONTAINER	item:object:rope-50-feet	container:crate	1	3.0	Migrated from Allowed_Containers
ITEM_CONTAINER	item:object:sabre	container:weapon-rack	1	1.0	Migrated from Allowed_Containers
ITEM_CONTAINER	item:object:sabre	container:crate	1	2.0	Migrated from Allowed_Containers
ITEM_CONTAINER	item:object:saddle	container:crate	1	1.0	Migrated from Allowed_Containers
ITEM_CONTAINER	item:object:saddle	container:cart	1	2.0	Migrated from Allowed_Containers
ITEM_CONTAINER	item:object:saddlebags	container:sack	1	1.0	Migrated from Allowed_Containers
ITEM_CONTAINER	item:object:saddlebags	container:crate	1	2.0	Migrated from Allowed_Containers
ITEM_CONTAINER	item:object:saddlebags	container:cart	1	3.0	Migrated from Allowed_Containers
ITEM_CONTAINER	item:object:scale-mail	container:crate	1	1.0	Migrated from Allowed_Containers
ITEM_CONTAINER	item:object:scale-mail	container:cart	1	2.0	Migrated from Allowed_Containers
ITEM_CONTAINER	item:object:scale-merchant-s	container:chest	1	1.0	Migrated from Allowed_Containers
ITEM_CONTAINER	item:object:scale-merchant-s	container:crate	1	2.0	Migrated from Allowed_Containers
ITEM_CONTAINER	item:object:scholar-s-pack	container:satchel	1	1.0	Migrated from Allowed_Containers
ITEM_CONTAINER	item:object:scholar-s-pack	container:chest	1	2.0	Migrated from Allowed_Containers
ITEM_CONTAINER	item:object:scholar-s-pack	container:crate	1	3.0	Migrated from Allowed_Containers
ITEM_CONTAINER	item:object:scimitar	container:weapon-rack	1	1.0	Migrated from Allowed_Containers
ITEM_CONTAINER	item:object:scimitar	container:crate	1	2.0	Migrated from Allowed_Containers
ITEM_CONTAINER	item:object:sealing-wax	container:pocket	1	1.0	Migrated from Allowed_Containers
ITEM_CONTAINER	item:object:sealing-wax	container:pouch	1	2.0	Migrated from Allowed_Containers
ITEM_CONTAINER	item:object:sealing-wax	container:chest	1	3.0	Migrated from Allowed_Containers
ITEM_CONTAINER	item:object:seeing-glass	container:chest	1	1.0	Migrated from Allowed_Containers
ITEM_CONTAINER	item:object:seeing-glass	container:crate	1	2.0	Migrated from Allowed_Containers
ITEM_CONTAINER	item:object:semiautomatic-pistol	container:weapon-rack	1	1.0	Migrated from Allowed_Containers
ITEM_CONTAINER	item:object:semiautomatic-pistol	container:crate	1	2.0	Migrated from Allowed_Containers
ITEM_CONTAINER	item:object:shadowsteel-focus	container:pocket	1	1.0	Migrated from Allowed_Containers
ITEM_CONTAINER	item:object:shadowsteel-focus	container:pouch	1	2.0	Migrated from Allowed_Containers
ITEM_CONTAINER	item:object:shadowsteel-focus	container:chest	1	3.0	Migrated from Allowed_Containers
ITEM_CONTAINER	item:object:shawm	container:pouch	1	1.0	Migrated from Allowed_Containers
ITEM_CONTAINER	item:object:shawm	container:satchel	1	2.0	Migrated from Allowed_Containers
ITEM_CONTAINER	item:object:shawm	container:chest	1	3.0	Migrated from Allowed_Containers
ITEM_CONTAINER	item:object:sheathed-staff	container:weapon-rack	1	1.0	Migrated from Allowed_Containers
ITEM_CONTAINER	item:object:sheathed-staff	container:crate	1	2.0	Migrated from Allowed_Containers
ITEM_CONTAINER	item:object:sheathed-staff	container:cart	1	3.0	Migrated from Allowed_Containers
ITEM_CONTAINER	item:object:shell	container:pouch	1	1.0	Migrated from Allowed_Containers
ITEM_CONTAINER	item:object:shell	container:crate	1	2.0	Migrated from Allowed_Containers
ITEM_CONTAINER	item:object:shield	container:weapon-rack	1	1.0	Migrated from Allowed_Containers
ITEM_CONTAINER	item:object:shield	container:crate	1	2.0	Migrated from Allowed_Containers
ITEM_CONTAINER	item:object:shield	container:cart	1	3.0	Migrated from Allowed_Containers
ITEM_CONTAINER	item:object:shortbow	container:weapon-rack	1	1.0	Migrated from Allowed_Containers
ITEM_CONTAINER	item:object:shortbow	container:crate	1	2.0	Migrated from Allowed_Containers
ITEM_CONTAINER	item:object:shortbow	container:cart	1	3.0	Migrated from Allowed_Containers
ITEM_CONTAINER	item:object:shortsword	container:weapon-rack	1	1.0	Migrated from Allowed_Containers
ITEM_CONTAINER	item:object:shortsword	container:crate	1	2.0	Migrated from Allowed_Containers
ITEM_CONTAINER	item:object:shot	container:pouch	1	1.0	Migrated from Allowed_Containers
ITEM_CONTAINER	item:object:shot	container:crate	1	2.0	Migrated from Allowed_Containers
ITEM_CONTAINER	item:object:shotgun	container:weapon-rack	1	1.0	Migrated from Allowed_Containers
ITEM_CONTAINER	item:object:shotgun	container:crate	1	2.0	Migrated from Allowed_Containers
ITEM_CONTAINER	item:object:shotgun	container:cart	1	3.0	Migrated from Allowed_Containers
ITEM_CONTAINER	item:object:shovel	container:crate	1	1.0	Migrated from Allowed_Containers
ITEM_CONTAINER	item:object:shovel	container:cart	1	2.0	Migrated from Allowed_Containers
ITEM_CONTAINER	item:object:sickle	container:pouch	1	1.0	Migrated from Allowed_Containers
ITEM_CONTAINER	item:object:sickle	container:weapon-rack	1	2.0	Migrated from Allowed_Containers
ITEM_CONTAINER	item:object:sickle	container:crate	1	3.0	Migrated from Allowed_Containers
ITEM_CONTAINER	item:object:side-handle-baton	container:weapon-rack	1	1.0	Migrated from Allowed_Containers
ITEM_CONTAINER	item:object:side-handle-baton	container:crate	1	2.0	Migrated from Allowed_Containers
ITEM_CONTAINER	item:object:signal-whistle	container:pocket	1	1.0	Migrated from Allowed_Containers
ITEM_CONTAINER	item:object:signal-whistle	container:pouch	1	2.0	Migrated from Allowed_Containers
ITEM_CONTAINER	item:object:signet-ring	container:pocket	1	1.0	Migrated from Allowed_Containers
ITEM_CONTAINER	item:object:signet-ring	container:pouch	1	2.0	Migrated from Allowed_Containers
ITEM_CONTAINER	item:object:signet-ring	container:chest	1	3.0	Migrated from Allowed_Containers
ITEM_CONTAINER	item:object:sling	container:pouch	1	1.0	Migrated from Allowed_Containers
ITEM_CONTAINER	item:object:sling	container:crate	1	2.0	Migrated from Allowed_Containers
ITEM_CONTAINER	item:object:sling-bullet	container:pouch	1	1.0	Migrated from Allowed_Containers
ITEM_CONTAINER	item:object:sling-bullet	container:crate	1	2.0	Migrated from Allowed_Containers
ITEM_CONTAINER	item:object:small-knife	container:pocket	1	1.0	Migrated from Allowed_Containers
ITEM_CONTAINER	item:object:small-knife	container:pouch	1	2.0	Migrated from Allowed_Containers
ITEM_CONTAINER	item:object:small-knife	container:weapon-rack	1	3.0	Migrated from Allowed_Containers
ITEM_CONTAINER	item:object:smith-s-tools	container:tool-roll	1	1.0	Migrated from Allowed_Containers
ITEM_CONTAINER	item:object:smith-s-tools	container:chest	1	2.0	Migrated from Allowed_Containers
ITEM_CONTAINER	item:object:smith-s-tools	container:crate	1	3.0	Migrated from Allowed_Containers
ITEM_CONTAINER	item:object:sniper-rifle	container:weapon-rack	1	1.0	Migrated from Allowed_Containers
ITEM_CONTAINER	item:object:sniper-rifle	container:crate	1	2.0	Migrated from Allowed_Containers
ITEM_CONTAINER	item:object:sniper-rifle	container:cart	1	3.0	Migrated from Allowed_Containers
ITEM_CONTAINER	item:object:snowshoes	container:bundle	1	1.0	Migrated from Allowed_Containers
ITEM_CONTAINER	item:object:snowshoes	container:sack	1	2.0	Migrated from Allowed_Containers
ITEM_CONTAINER	item:object:snowshoes	container:crate	1	3.0	Migrated from Allowed_Containers
ITEM_CONTAINER	item:object:songhorn	container:pouch	1	1.0	Migrated from Allowed_Containers
ITEM_CONTAINER	item:object:songhorn	container:satchel	1	2.0	Migrated from Allowed_Containers
ITEM_CONTAINER	item:object:songhorn	container:chest	1	3.0	Migrated from Allowed_Containers
ITEM_CONTAINER	item:object:spear	container:weapon-rack	1	1.0	Migrated from Allowed_Containers
ITEM_CONTAINER	item:object:spear	container:crate	1	2.0	Migrated from Allowed_Containers
ITEM_CONTAINER	item:object:spear	container:cart	1	3.0	Migrated from Allowed_Containers
ITEM_CONTAINER	item:object:spellbook	container:satchel	1	1.0	Migrated from Allowed_Containers
ITEM_CONTAINER	item:object:spellbook	container:chest	1	2.0	Migrated from Allowed_Containers
ITEM_CONTAINER	item:object:spellbook	container:crate	1	3.0	Migrated from Allowed_Containers
ITEM_CONTAINER	item:object:spiked-armor	container:crate	1	1.0	Migrated from Allowed_Containers
ITEM_CONTAINER	item:object:spiked-armor	container:cart	1	2.0	Migrated from Allowed_Containers
ITEM_CONTAINER	item:object:iron-spike	container:pouch	1	1.0	Migrated from Allowed_Containers
ITEM_CONTAINER	item:object:iron-spike	container:crate	1	2.0	Migrated from Allowed_Containers
ITEM_CONTAINER	item:object:splint	container:crate	1	1.0	Migrated from Allowed_Containers
ITEM_CONTAINER	item:object:splint	container:cart	1	2.0	Migrated from Allowed_Containers
ITEM_CONTAINER	item:object:sprig-of-mistletoe	container:pocket	1	1.0	Migrated from Allowed_Containers
ITEM_CONTAINER	item:object:sprig-of-mistletoe	container:pouch	1	2.0	Migrated from Allowed_Containers
ITEM_CONTAINER	item:object:sprig-of-mistletoe	container:component-pouch	1	3.0	Migrated from Allowed_Containers
ITEM_CONTAINER	item:object:spyglass	container:pouch	1	1.0	Migrated from Allowed_Containers
ITEM_CONTAINER	item:object:spyglass	container:chest	1	2.0	Migrated from Allowed_Containers
ITEM_CONTAINER	item:object:stake-wooden	container:pouch	1	1.0	Migrated from Allowed_Containers
ITEM_CONTAINER	item:object:stake-wooden	container:crate	1	2.0	Migrated from Allowed_Containers
ITEM_CONTAINER	item:object:stitching-needle	container:pocket	1	1.0	Migrated from Allowed_Containers
ITEM_CONTAINER	item:object:stitching-needle	container:pouch	1	2.0	Migrated from Allowed_Containers
ITEM_CONTAINER	item:object:string	container:pocket	1	1.0	Migrated from Allowed_Containers
ITEM_CONTAINER	item:object:string	container:pouch	1	2.0	Migrated from Allowed_Containers
ITEM_CONTAINER	item:object:studded-leather	container:bundle	1	1.0	Migrated from Allowed_Containers
ITEM_CONTAINER	item:object:studded-leather	container:chest	1	2.0	Migrated from Allowed_Containers
ITEM_CONTAINER	item:object:studded-leather	container:crate	1	3.0	Migrated from Allowed_Containers
ITEM_CONTAINER	item:object:submachine-gun	container:weapon-rack	1	1.0	Migrated from Allowed_Containers
ITEM_CONTAINER	item:object:submachine-gun	container:crate	1	2.0	Migrated from Allowed_Containers
ITEM_CONTAINER	item:object:tent	container:crate	1	1.0	Migrated from Allowed_Containers
ITEM_CONTAINER	item:object:tent	container:cart	1	2.0	Migrated from Allowed_Containers
ITEM_CONTAINER	item:object:tent-two-person	container:crate	1	1.0	Migrated from Allowed_Containers
ITEM_CONTAINER	item:object:tent-two-person	container:cart	1	2.0	Migrated from Allowed_Containers
ITEM_CONTAINER	item:object:thieves-tools	container:pouch	1	1.0	Migrated from Allowed_Containers
ITEM_CONTAINER	item:object:thieves-tools	container:tool-roll	1	2.0	Migrated from Allowed_Containers
ITEM_CONTAINER	item:object:thieves-tools	container:chest	1	3.0	Migrated from Allowed_Containers
ITEM_CONTAINER	item:object:three-dragon-ante-set	container:pouch	1	1.0	Migrated from Allowed_Containers
ITEM_CONTAINER	item:object:three-dragon-ante-set	container:chest	1	2.0	Migrated from Allowed_Containers
ITEM_CONTAINER	item:object:tinderbox	container:pocket	1	1.0	Migrated from Allowed_Containers
ITEM_CONTAINER	item:object:tinderbox	container:pouch	1	2.0	Migrated from Allowed_Containers
ITEM_CONTAINER	item:object:tinderbox	container:chest	1	3.0	Migrated from Allowed_Containers
ITEM_CONTAINER	item:object:tinker-s-tools	container:tool-roll	1	1.0	Migrated from Allowed_Containers
ITEM_CONTAINER	item:object:tinker-s-tools	container:chest	1	2.0	Migrated from Allowed_Containers
ITEM_CONTAINER	item:object:tinker-s-tools	container:crate	1	3.0	Migrated from Allowed_Containers
ITEM_CONTAINER	item:object:totem	container:pocket	1	1.0	Migrated from Allowed_Containers
ITEM_CONTAINER	item:object:totem	container:pouch	1	2.0	Migrated from Allowed_Containers
ITEM_CONTAINER	item:object:totem	container:chest	1	3.0	Migrated from Allowed_Containers
ITEM_CONTAINER	item:object:tower-shield-grim-hollow	container:crate	1	1.0	Migrated from Allowed_Containers
ITEM_CONTAINER	item:object:tower-shield-grim-hollow	container:cart	1	2.0	Migrated from Allowed_Containers
ITEM_CONTAINER	item:object:trident	container:weapon-rack	1	1.0	Migrated from Allowed_Containers
ITEM_CONTAINER	item:object:trident	container:crate	1	2.0	Migrated from Allowed_Containers
ITEM_CONTAINER	item:object:trident	container:cart	1	3.0	Migrated from Allowed_Containers
ITEM_CONTAINER	item:object:vestments	container:bundle	1	1.0	Migrated from Allowed_Containers
ITEM_CONTAINER	item:object:vestments	container:sack	1	2.0	Migrated from Allowed_Containers
ITEM_CONTAINER	item:object:vestments	container:chest	1	3.0	Migrated from Allowed_Containers
ITEM_CONTAINER	item:object:vestments	container:crate	1	4.0	Migrated from Allowed_Containers
ITEM_CONTAINER	item:object:viol	container:pouch	1	1.0	Migrated from Allowed_Containers
ITEM_CONTAINER	item:object:viol	container:satchel	1	2.0	Migrated from Allowed_Containers
ITEM_CONTAINER	item:object:viol	container:chest	1	3.0	Migrated from Allowed_Containers
ITEM_CONTAINER	item:object:wand	container:pouch	1	1.0	Migrated from Allowed_Containers
ITEM_CONTAINER	item:object:wand	container:scroll-tube	1	2.0	Migrated from Allowed_Containers
ITEM_CONTAINER	item:object:wand	container:chest	1	3.0	Migrated from Allowed_Containers
ITEM_CONTAINER	item:object:war-pick	container:weapon-rack	1	1.0	Migrated from Allowed_Containers
ITEM_CONTAINER	item:object:war-pick	container:crate	1	2.0	Migrated from Allowed_Containers
ITEM_CONTAINER	item:object:wargong	container:chest	1	1.0	Migrated from Allowed_Containers
ITEM_CONTAINER	item:object:wargong	container:crate	1	2.0	Migrated from Allowed_Containers
ITEM_CONTAINER	item:object:warhammer	container:weapon-rack	1	1.0	Migrated from Allowed_Containers
ITEM_CONTAINER	item:object:warhammer	container:crate	1	2.0	Migrated from Allowed_Containers
ITEM_CONTAINER	item:object:weaver-s-tools	container:tool-roll	1	1.0	Migrated from Allowed_Containers
ITEM_CONTAINER	item:object:weaver-s-tools	container:chest	1	2.0	Migrated from Allowed_Containers
ITEM_CONTAINER	item:object:weaver-s-tools	container:crate	1	3.0	Migrated from Allowed_Containers
ITEM_CONTAINER	item:object:whetstone	container:pouch	1	1.0	Migrated from Allowed_Containers
ITEM_CONTAINER	item:object:whetstone	container:crate	1	2.0	Migrated from Allowed_Containers
ITEM_CONTAINER	item:object:whip	container:pouch	1	1.0	Migrated from Allowed_Containers
ITEM_CONTAINER	item:object:whip	container:bundle	1	2.0	Migrated from Allowed_Containers
ITEM_CONTAINER	item:object:whip	container:crate	1	3.0	Migrated from Allowed_Containers
ITEM_CONTAINER	item:object:whistle-stick	container:pouch	1	1.0	Migrated from Allowed_Containers
ITEM_CONTAINER	item:object:whistle-stick	container:satchel	1	2.0	Migrated from Allowed_Containers
ITEM_CONTAINER	item:object:whistle-stick	container:chest	1	3.0	Migrated from Allowed_Containers
ITEM_CONTAINER	item:object:woodcarver-s-tools	container:tool-roll	1	1.0	Migrated from Allowed_Containers
ITEM_CONTAINER	item:object:woodcarver-s-tools	container:chest	1	2.0	Migrated from Allowed_Containers
ITEM_CONTAINER	item:object:woodcarver-s-tools	container:crate	1	3.0	Migrated from Allowed_Containers
ITEM_CONTAINER	item:object:wooden-staff	container:weapon-rack	1	1.0	Migrated from Allowed_Containers
ITEM_CONTAINER	item:object:wooden-staff	container:crate	1	2.0	Migrated from Allowed_Containers
ITEM_CONTAINER	item:object:wooden-staff	container:cart	1	3.0	Migrated from Allowed_Containers
ITEM_CONTAINER	item:object:wrath-axe	container:weapon-rack	1	1.0	Migrated from Allowed_Containers
ITEM_CONTAINER	item:object:wrath-axe	container:crate	1	2.0	Migrated from Allowed_Containers
ITEM_CONTAINER	item:object:wrath-axe	container:cart	1	3.0	Migrated from Allowed_Containers
ITEM_CONTAINER	item:object:wrath-maul	container:weapon-rack	1	1.0	Migrated from Allowed_Containers
ITEM_CONTAINER	item:object:wrath-maul	container:crate	1	2.0	Migrated from Allowed_Containers
ITEM_CONTAINER	item:object:wrath-maul	container:cart	1	3.0	Migrated from Allowed_Containers
ITEM_CONTAINER	item:object:yew-wand	container:pouch	1	1.0	Migrated from Allowed_Containers
ITEM_CONTAINER	item:object:yew-wand	container:scroll-tube	1	2.0	Migrated from Allowed_Containers
ITEM_CONTAINER	item:object:yew-wand	container:chest	1	3.0	Migrated from Allowed_Containers
ITEM_CONTAINER	item:object:silver-jug	container:chest	1	1.0	Migrated from Allowed_Containers
ITEM_CONTAINER	item:object:silver-jug	container:crate	1	2.0	Migrated from Allowed_Containers
ITEM_CONTAINER	item:object:carved-statuette	container:pouch	1	1.0	Migrated from Allowed_Containers
ITEM_CONTAINER	item:object:carved-statuette	container:chest	1	2.0	Migrated from Allowed_Containers
ITEM_CONTAINER	item:object:golden-bracelet	container:pocket	1	1.0	Migrated from Allowed_Containers
ITEM_CONTAINER	item:object:golden-bracelet	container:pouch	1	2.0	Migrated from Allowed_Containers
ITEM_CONTAINER	item:object:golden-bracelet	container:chest	1	3.0	Migrated from Allowed_Containers
ITEM_CONTAINER	item:object:goldcloth-garments	container:bundle	1	1.0	Migrated from Allowed_Containers
ITEM_CONTAINER	item:object:goldcloth-garments	container:chest	1	2.0	Migrated from Allowed_Containers
ITEM_CONTAINER	item:object:goldcloth-garments	container:crate	1	3.0	Migrated from Allowed_Containers
ITEM_CONTAINER	item:object:black-velvet-with-silver-embroidery	container:bundle	1	1.0	Migrated from Allowed_Containers
ITEM_CONTAINER	item:object:black-velvet-with-silver-embroidery	container:chest	1	2.0	Migrated from Allowed_Containers
ITEM_CONTAINER	item:object:black-velvet-with-silver-embroidery	container:crate	1	3.0	Migrated from Allowed_Containers
ITEM_CONTAINER	item:object:copper-chalice-with-silver-inlay	container:pouch	1	1.0	Migrated from Allowed_Containers
ITEM_CONTAINER	item:object:copper-chalice-with-silver-inlay	container:chest	1	2.0	Migrated from Allowed_Containers
ITEM_CONTAINER	item:object:engraved-dice-pair	container:pocket	1	1.0	Migrated from Allowed_Containers
ITEM_CONTAINER	item:object:engraved-dice-pair	container:pouch	1	2.0	Migrated from Allowed_Containers
ITEM_CONTAINER	item:object:engraved-dice-pair	container:chest	1	3.0	Migrated from Allowed_Containers
ITEM_CONTAINER	item:object:hand-mirror-with-polished-wooden-handle	container:pouch	1	1.0	Migrated from Allowed_Containers
ITEM_CONTAINER	item:object:hand-mirror-with-polished-wooden-handle	container:chest	1	2.0	Migrated from Allowed_Containers
ITEM_CONTAINER	item:object:embroidered-silk-handkerchief	container:pocket	1	1.0	Migrated from Allowed_Containers
ITEM_CONTAINER	item:object:embroidered-silk-handkerchief	container:pouch	1	2.0	Migrated from Allowed_Containers
ITEM_CONTAINER	item:object:embroidered-silk-handkerchief	container:chest	1	3.0	Migrated from Allowed_Containers
ITEM_CONTAINER	item:object:golden-portrait-pendant	container:pocket	1	1.0	Migrated from Allowed_Containers
ITEM_CONTAINER	item:object:golden-portrait-pendant	container:pouch	1	2.0	Migrated from Allowed_Containers
ITEM_CONTAINER	item:object:golden-portrait-pendant	container:chest	1	3.0	Migrated from Allowed_Containers
ITEM_CONTAINER	item:object:bloodstone-gold-ring	container:pocket	1	1.0	Migrated from Allowed_Containers
ITEM_CONTAINER	item:object:bloodstone-gold-ring	container:pouch	1	2.0	Migrated from Allowed_Containers
ITEM_CONTAINER	item:object:bloodstone-gold-ring	container:chest	1	3.0	Migrated from Allowed_Containers
ITEM_CONTAINER	item:object:ivory-statuette	container:pouch	1	1.0	Migrated from Allowed_Containers
ITEM_CONTAINER	item:object:ivory-statuette	container:chest	1	2.0	Migrated from Allowed_Containers
ITEM_CONTAINER	item:object:jeweled-bracelet	container:pocket	1	1.0	Migrated from Allowed_Containers
ITEM_CONTAINER	item:object:jeweled-bracelet	container:pouch	1	2.0	Migrated from Allowed_Containers
ITEM_CONTAINER	item:object:jeweled-bracelet	container:chest	1	3.0	Migrated from Allowed_Containers
ITEM_CONTAINER	item:object:silver-chain-with-gem-pendant	container:pocket	1	1.0	Migrated from Allowed_Containers
ITEM_CONTAINER	item:object:silver-chain-with-gem-pendant	container:pouch	1	2.0	Migrated from Allowed_Containers
ITEM_CONTAINER	item:object:silver-chain-with-gem-pendant	container:chest	1	3.0	Migrated from Allowed_Containers
ITEM_CONTAINER	item:object:bronze-crown	container:chest	1	1.0	Migrated from Allowed_Containers
ITEM_CONTAINER	item:object:bronze-crown	container:crate	1	2.0	Migrated from Allowed_Containers
ITEM_CONTAINER	item:object:gold-embroidered-silk-robes	container:bundle	1	1.0	Migrated from Allowed_Containers
ITEM_CONTAINER	item:object:gold-embroidered-silk-robes	container:chest	1	2.0	Migrated from Allowed_Containers
ITEM_CONTAINER	item:object:gold-embroidered-silk-robes	container:crate	1	3.0	Migrated from Allowed_Containers
ITEM_CONTAINER	item:object:decorative-tapestry	container:crate	1	1.0	Migrated from Allowed_Containers
ITEM_CONTAINER	item:object:decorative-tapestry	container:cart	1	2.0	Migrated from Allowed_Containers
ITEM_CONTAINER	item:object:bronze-goblet-with-gold-inlay	container:pouch	1	1.0	Migrated from Allowed_Containers
ITEM_CONTAINER	item:object:bronze-goblet-with-gold-inlay	container:chest	1	2.0	Migrated from Allowed_Containers
ITEM_CONTAINER	item:object:gemstone-figurine-collection	container:chest	1	1.0	Migrated from Allowed_Containers
ITEM_CONTAINER	item:object:gemstone-figurine-collection	container:crate	1	2.0	Migrated from Allowed_Containers
ITEM_CONTAINER	item:object:golden-birdcage-with-electrum-inlay	container:crate	1	1.0	Migrated from Allowed_Containers
ITEM_CONTAINER	item:object:golden-birdcage-with-electrum-inlay	container:cart	1	2.0	Migrated from Allowed_Containers
ITEM_CONTAINER	item:object:moonstone-silver-chalice	container:pouch	1	1.0	Migrated from Allowed_Containers
ITEM_CONTAINER	item:object:moonstone-silver-chalice	container:chest	1	2.0	Migrated from Allowed_Containers
ITEM_CONTAINER	item:object:ancient-book	container:chest	1	1.0	Migrated from Allowed_Containers
ITEM_CONTAINER	item:object:ancient-book	container:crate	1	2.0	Migrated from Allowed_Containers
ITEM_CONTAINER	item:object:wooden-instrument-with-ivory-and-zircon-inlay	container:chest	1	1.0	Migrated from Allowed_Containers
ITEM_CONTAINER	item:object:wooden-instrument-with-ivory-and-zircon-inlay	container:crate	1	2.0	Migrated from Allowed_Containers
ITEM_CONTAINER	item:object:golden-idol	container:chest	1	1.0	Migrated from Allowed_Containers
ITEM_CONTAINER	item:object:golden-idol	container:crate	1	2.0	Migrated from Allowed_Containers
ITEM_CONTAINER	item:object:gem-encrusted-golden-comb	container:pocket	1	1.0	Migrated from Allowed_Containers
ITEM_CONTAINER	item:object:gem-encrusted-golden-comb	container:pouch	1	2.0	Migrated from Allowed_Containers
ITEM_CONTAINER	item:object:gem-encrusted-golden-comb	container:chest	1	3.0	Migrated from Allowed_Containers
ITEM_CONTAINER	item:object:gem-studded-gilded-flask	container:pouch	1	1.0	Migrated from Allowed_Containers
ITEM_CONTAINER	item:object:gem-studded-gilded-flask	container:chest	1	2.0	Migrated from Allowed_Containers
ITEM_CONTAINER	item:object:life-sized-electrum-skull	container:crate	1	1.0	Migrated from Allowed_Containers
ITEM_CONTAINER	item:object:life-sized-electrum-skull	container:cart	1	2.0	Migrated from Allowed_Containers
ITEM_CONTAINER	item:object:silver-and-gold-brooch	container:pocket	1	1.0	Migrated from Allowed_Containers
ITEM_CONTAINER	item:object:silver-and-gold-brooch	container:pouch	1	2.0	Migrated from Allowed_Containers
ITEM_CONTAINER	item:object:silver-and-gold-brooch	container:chest	1	3.0	Migrated from Allowed_Containers
ITEM_CONTAINER	item:object:obsidian-statue-with-gold-inlay	container:crate	1	1.0	Migrated from Allowed_Containers
ITEM_CONTAINER	item:object:obsidian-statue-with-gold-inlay	container:cart	1	2.0	Migrated from Allowed_Containers
ITEM_CONTAINER	item:object:gold-painted-war-mask	container:chest	1	1.0	Migrated from Allowed_Containers
ITEM_CONTAINER	item:object:gold-painted-war-mask	container:crate	1	2.0	Migrated from Allowed_Containers
ITEM_CONTAINER	item:object:fine-gold-chains-with-fire-opal	container:pocket	1	1.0	Migrated from Allowed_Containers
ITEM_CONTAINER	item:object:fine-gold-chains-with-fire-opal	container:pouch	1	2.0	Migrated from Allowed_Containers
ITEM_CONTAINER	item:object:fine-gold-chains-with-fire-opal	container:chest	1	3.0	Migrated from Allowed_Containers
ITEM_CONTAINER	item:object:masterwork-painting	container:crate	1	1.0	Migrated from Allowed_Containers
ITEM_CONTAINER	item:object:masterwork-painting	container:cart	1	2.0	Migrated from Allowed_Containers
ITEM_CONTAINER	item:object:velvet-and-silk-clothing-with-moonstones	container:bundle	1	1.0	Migrated from Allowed_Containers
ITEM_CONTAINER	item:object:velvet-and-silk-clothing-with-moonstones	container:chest	1	2.0	Migrated from Allowed_Containers
ITEM_CONTAINER	item:object:velvet-and-silk-clothing-with-moonstones	container:crate	1	3.0	Migrated from Allowed_Containers
ITEM_CONTAINER	item:object:emerald-platinum-bracelet	container:pocket	1	1.0	Migrated from Allowed_Containers
ITEM_CONTAINER	item:object:emerald-platinum-bracelet	container:pouch	1	2.0	Migrated from Allowed_Containers
ITEM_CONTAINER	item:object:emerald-platinum-bracelet	container:chest	1	3.0	Migrated from Allowed_Containers
ITEM_CONTAINER	item:object:embroidered-gloves-with-gem-fragments	container:pocket	1	1.0	Migrated from Allowed_Containers
ITEM_CONTAINER	item:object:embroidered-gloves-with-gem-fragments	container:pouch	1	2.0	Migrated from Allowed_Containers
ITEM_CONTAINER	item:object:embroidered-gloves-with-gem-fragments	container:chest	1	3.0	Migrated from Allowed_Containers
ITEM_CONTAINER	item:object:gem-encrusted-anklet	container:pocket	1	1.0	Migrated from Allowed_Containers
ITEM_CONTAINER	item:object:gem-encrusted-anklet	container:pouch	1	2.0	Migrated from Allowed_Containers
ITEM_CONTAINER	item:object:gem-encrusted-anklet	container:chest	1	3.0	Migrated from Allowed_Containers
ITEM_CONTAINER	item:object:golden-music-box	container:chest	1	1.0	Migrated from Allowed_Containers
ITEM_CONTAINER	item:object:golden-music-box	container:crate	1	2.0	Migrated from Allowed_Containers
ITEM_CONTAINER	item:object:golden-diadem-with-aquamarines	container:pouch	1	1.0	Migrated from Allowed_Containers
ITEM_CONTAINER	item:object:golden-diadem-with-aquamarines	container:chest	1	2.0	Migrated from Allowed_Containers
ITEM_CONTAINER	item:object:eyepatch-with-sapphires-and-moonstones	container:pocket	1	1.0	Migrated from Allowed_Containers
ITEM_CONTAINER	item:object:eyepatch-with-sapphires-and-moonstones	container:pouch	1	2.0	Migrated from Allowed_Containers
ITEM_CONTAINER	item:object:eyepatch-with-sapphires-and-moonstones	container:chest	1	3.0	Migrated from Allowed_Containers
ITEM_CONTAINER	item:object:long-pearl-necklace	container:pocket	1	1.0	Migrated from Allowed_Containers
ITEM_CONTAINER	item:object:long-pearl-necklace	container:pouch	1	2.0	Migrated from Allowed_Containers
ITEM_CONTAINER	item:object:long-pearl-necklace	container:chest	1	3.0	Migrated from Allowed_Containers
ITEM_CONTAINER	item:object:jeweled-crown	container:chest	1	1.0	Migrated from Allowed_Containers
ITEM_CONTAINER	item:object:jeweled-crown	container:crate	1	2.0	Migrated from Allowed_Containers
ITEM_CONTAINER	item:object:jeweled-platinum-ring	container:pocket	1	1.0	Migrated from Allowed_Containers
ITEM_CONTAINER	item:object:jeweled-platinum-ring	container:pouch	1	2.0	Migrated from Allowed_Containers
ITEM_CONTAINER	item:object:jeweled-platinum-ring	container:chest	1	3.0	Migrated from Allowed_Containers
ITEM_CONTAINER	item:object:ruby-studded-golden-statuette	container:pouch	1	1.0	Migrated from Allowed_Containers
ITEM_CONTAINER	item:object:ruby-studded-golden-statuette	container:chest	1	2.0	Migrated from Allowed_Containers
ITEM_CONTAINER	item:object:emerald-studded-golden-goblet	container:pouch	1	1.0	Migrated from Allowed_Containers
ITEM_CONTAINER	item:object:emerald-studded-golden-goblet	container:chest	1	2.0	Migrated from Allowed_Containers
ITEM_CONTAINER	item:object:golden-jewelry-box-with-platinum-inlay	container:chest	1	1.0	Migrated from Allowed_Containers
ITEM_CONTAINER	item:object:golden-jewelry-box-with-platinum-inlay	container:crate	1	2.0	Migrated from Allowed_Containers
ITEM_CONTAINER	item:object:golden-nesting-doll-set	container:pouch	1	1.0	Migrated from Allowed_Containers
ITEM_CONTAINER	item:object:golden-nesting-doll-set	container:chest	1	2.0	Migrated from Allowed_Containers
ITEM_CONTAINER	item:object:jade-game-board-with-golden-pieces	container:crate	1	1.0	Migrated from Allowed_Containers
ITEM_CONTAINER	item:object:jade-game-board-with-golden-pieces	container:cart	1	2.0	Migrated from Allowed_Containers
ITEM_CONTAINER	item:object:jeweled-ivory-drinking-horn-with-gold-rim	container:pouch	1	1.0	Migrated from Allowed_Containers
ITEM_CONTAINER	item:object:jeweled-ivory-drinking-horn-with-gold-rim	container:chest	1	2.0	Migrated from Allowed_Containers
ITEM_CONTAINER	item:object:lantern	container:chest	1	1.0	Migrated from Allowed_Containers
ITEM_CONTAINER	item:object:lantern	container:crate	1	2.0	Migrated from Allowed_Containers
ITEM_CONTAINER	item:material:acid-vial	container:pocket	0	1.0	Migrated from Allowed_Containers
ITEM_CONTAINER	item:material:acid-vial	container:pouch	0	2.0	Migrated from Allowed_Containers
ITEM_CONTAINER	item:material:acid-vial	container:vial-case	0	3.0	Migrated from Allowed_Containers
ITEM_CONTAINER	item:material:acid-vial	container:chest	0	4.0	Migrated from Allowed_Containers
ITEM_CONTAINER	item:material:alchemist-s-doom	container:pouch	1	1.0	Migrated from Allowed_Containers
ITEM_CONTAINER	item:material:alchemist-s-doom	container:chest	1	2.0	Migrated from Allowed_Containers
ITEM_CONTAINER	item:material:alexandrite	container:pocket	1	1.0	Migrated from Allowed_Containers
ITEM_CONTAINER	item:material:alexandrite	container:pouch	1	2.0	Migrated from Allowed_Containers
ITEM_CONTAINER	item:material:alexandrite	container:chest	1	3.0	Migrated from Allowed_Containers
ITEM_CONTAINER	item:material:amber	container:pocket	1	1.0	Migrated from Allowed_Containers
ITEM_CONTAINER	item:material:amber	container:pouch	1	2.0	Migrated from Allowed_Containers
ITEM_CONTAINER	item:material:amber	container:chest	1	3.0	Migrated from Allowed_Containers
ITEM_CONTAINER	item:material:amethyst	container:pocket	1	1.0	Migrated from Allowed_Containers
ITEM_CONTAINER	item:material:amethyst	container:pouch	1	2.0	Migrated from Allowed_Containers
ITEM_CONTAINER	item:material:amethyst	container:chest	1	3.0	Migrated from Allowed_Containers
ITEM_CONTAINER	item:material:antitoxin	container:pocket	1	1.0	Migrated from Allowed_Containers
ITEM_CONTAINER	item:material:antitoxin	container:pouch	1	2.0	Migrated from Allowed_Containers
ITEM_CONTAINER	item:material:antitoxin	container:vial-case	1	3.0	Migrated from Allowed_Containers
ITEM_CONTAINER	item:material:antitoxin	container:chest	1	4.0	Migrated from Allowed_Containers
ITEM_CONTAINER	item:material:aquamarine	container:pocket	1	1.0	Migrated from Allowed_Containers
ITEM_CONTAINER	item:material:aquamarine	container:pouch	1	2.0	Migrated from Allowed_Containers
ITEM_CONTAINER	item:material:aquamarine	container:chest	1	3.0	Migrated from Allowed_Containers
ITEM_CONTAINER	item:material:assassin-s-blood-ingested	container:pocket	1	1.0	Migrated from Allowed_Containers
ITEM_CONTAINER	item:material:assassin-s-blood-ingested	container:pouch	1	2.0	Migrated from Allowed_Containers
ITEM_CONTAINER	item:material:assassin-s-blood-ingested	container:vial-case	1	3.0	Migrated from Allowed_Containers
ITEM_CONTAINER	item:material:assassin-s-blood-ingested	container:chest	1	4.0	Migrated from Allowed_Containers
ITEM_CONTAINER	item:material:azurite	container:pocket	1	1.0	Migrated from Allowed_Containers
ITEM_CONTAINER	item:material:azurite	container:pouch	1	2.0	Migrated from Allowed_Containers
ITEM_CONTAINER	item:material:azurite	container:chest	1	3.0	Migrated from Allowed_Containers
ITEM_CONTAINER	item:material:banded-agate	container:pocket	1	1.0	Migrated from Allowed_Containers
ITEM_CONTAINER	item:material:banded-agate	container:pouch	1	2.0	Migrated from Allowed_Containers
ITEM_CONTAINER	item:material:banded-agate	container:chest	1	3.0	Migrated from Allowed_Containers
ITEM_CONTAINER	item:material:basic-fishing-equipment	container:bundle	1	1.0	Migrated from Allowed_Containers
ITEM_CONTAINER	item:material:basic-fishing-equipment	container:sack	1	2.0	Migrated from Allowed_Containers
ITEM_CONTAINER	item:material:basic-fishing-equipment	container:crate	1	3.0	Migrated from Allowed_Containers
ITEM_CONTAINER	item:material:biza-s-breath-inhaled	container:pocket	1	1.0	Migrated from Allowed_Containers
ITEM_CONTAINER	item:material:biza-s-breath-inhaled	container:pouch	1	2.0	Migrated from Allowed_Containers
ITEM_CONTAINER	item:material:biza-s-breath-inhaled	container:vial-case	1	3.0	Migrated from Allowed_Containers
ITEM_CONTAINER	item:material:biza-s-breath-inhaled	container:chest	1	4.0	Migrated from Allowed_Containers
ITEM_CONTAINER	item:material:black-ghost-orchid-seed	container:pocket	1	1.0	Migrated from Allowed_Containers
ITEM_CONTAINER	item:material:black-ghost-orchid-seed	container:pouch	1	2.0	Migrated from Allowed_Containers
ITEM_CONTAINER	item:material:black-ghost-orchid-seed	container:component-pouch	1	3.0	Migrated from Allowed_Containers
ITEM_CONTAINER	item:material:black-ghost-orchid-seed	container:chest	1	4.0	Migrated from Allowed_Containers
ITEM_CONTAINER	item:material:black-opal	container:pocket	1	1.0	Migrated from Allowed_Containers
ITEM_CONTAINER	item:material:black-opal	container:pouch	1	2.0	Migrated from Allowed_Containers
ITEM_CONTAINER	item:material:black-opal	container:chest	1	3.0	Migrated from Allowed_Containers
ITEM_CONTAINER	item:material:black-pearl	container:pocket	1	1.0	Migrated from Allowed_Containers
ITEM_CONTAINER	item:material:black-pearl	container:pouch	1	2.0	Migrated from Allowed_Containers
ITEM_CONTAINER	item:material:black-pearl	container:chest	1	3.0	Migrated from Allowed_Containers
ITEM_CONTAINER	item:material:black-sap	container:pocket	1	1.0	Migrated from Allowed_Containers
ITEM_CONTAINER	item:material:black-sap	container:pouch	1	2.0	Migrated from Allowed_Containers
ITEM_CONTAINER	item:material:black-sap	container:vial-case	1	3.0	Migrated from Allowed_Containers
ITEM_CONTAINER	item:material:black-sap	container:chest	1	4.0	Migrated from Allowed_Containers
ITEM_CONTAINER	item:material:black-sapphire	container:pocket	1	1.0	Migrated from Allowed_Containers
ITEM_CONTAINER	item:material:black-sapphire	container:pouch	1	2.0	Migrated from Allowed_Containers
ITEM_CONTAINER	item:material:black-sapphire	container:chest	1	3.0	Migrated from Allowed_Containers
ITEM_CONTAINER	item:material:blasting-powder	container:pouch	1	1.0	Migrated from Allowed_Containers
ITEM_CONTAINER	item:material:blasting-powder	container:crate	1	3.0	Migrated from Allowed_Containers
ITEM_CONTAINER	item:material:blight-ichor	container:pocket	1	1.0	Migrated from Allowed_Containers
ITEM_CONTAINER	item:material:blight-ichor	container:pouch	1	2.0	Migrated from Allowed_Containers
ITEM_CONTAINER	item:material:blight-ichor	container:vial-case	1	3.0	Migrated from Allowed_Containers
ITEM_CONTAINER	item:material:blight-ichor	container:chest	1	4.0	Migrated from Allowed_Containers
ITEM_CONTAINER	item:material:block-of-incense	container:pocket	1	1.0	Migrated from Allowed_Containers
ITEM_CONTAINER	item:material:block-of-incense	container:pouch	1	2.0	Migrated from Allowed_Containers
ITEM_CONTAINER	item:material:block-of-incense	container:chest	1	3.0	Migrated from Allowed_Containers
ITEM_CONTAINER	item:material:blood-of-the-lycanthrope-injury	container:pocket	1	1.0	Migrated from Allowed_Containers
ITEM_CONTAINER	item:material:blood-of-the-lycanthrope-injury	container:pouch	1	2.0	Migrated from Allowed_Containers
ITEM_CONTAINER	item:material:blood-of-the-lycanthrope-injury	container:vial-case	1	3.0	Migrated from Allowed_Containers
ITEM_CONTAINER	item:material:blood-of-the-lycanthrope-injury	container:chest	1	4.0	Migrated from Allowed_Containers
ITEM_CONTAINER	item:material:bloodstone	container:pocket	1	1.0	Migrated from Allowed_Containers
ITEM_CONTAINER	item:material:bloodstone	container:pouch	1	2.0	Migrated from Allowed_Containers
ITEM_CONTAINER	item:material:bloodstone	container:chest	1	3.0	Migrated from Allowed_Containers
ITEM_CONTAINER	item:material:blue-quartz	container:pocket	1	1.0	Migrated from Allowed_Containers
ITEM_CONTAINER	item:material:blue-quartz	container:pouch	1	2.0	Migrated from Allowed_Containers
ITEM_CONTAINER	item:material:blue-quartz	container:chest	1	3.0	Migrated from Allowed_Containers
ITEM_CONTAINER	item:material:blue-sapphire	container:pocket	1	1.0	Migrated from Allowed_Containers
ITEM_CONTAINER	item:material:blue-sapphire	container:pouch	1	2.0	Migrated from Allowed_Containers
ITEM_CONTAINER	item:material:blue-sapphire	container:chest	1	3.0	Migrated from Allowed_Containers
ITEM_CONTAINER	item:material:blue-spinel	container:pocket	1	1.0	Migrated from Allowed_Containers
ITEM_CONTAINER	item:material:blue-spinel	container:pouch	1	2.0	Migrated from Allowed_Containers
ITEM_CONTAINER	item:material:blue-spinel	container:chest	1	3.0	Migrated from Allowed_Containers
ITEM_CONTAINER	item:material:bomb	container:pouch	1	1.0	Migrated from Allowed_Containers
ITEM_CONTAINER	item:material:bomb	container:crate	1	2.0	Migrated from Allowed_Containers
ITEM_CONTAINER	item:material:breath-of-beleth-poison	container:pocket	1	1.0	Migrated from Allowed_Containers
ITEM_CONTAINER	item:material:breath-of-beleth-poison	container:pouch	1	2.0	Migrated from Allowed_Containers
ITEM_CONTAINER	item:material:breath-of-beleth-poison	container:vial-case	1	3.0	Migrated from Allowed_Containers
ITEM_CONTAINER	item:material:breath-of-beleth-poison	container:chest	1	4.0	Migrated from Allowed_Containers
ITEM_CONTAINER	item:material:burnt-othur-fumes-inhaled	container:pocket	1	1.0	Migrated from Allowed_Containers
ITEM_CONTAINER	item:material:burnt-othur-fumes-inhaled	container:pouch	1	2.0	Migrated from Allowed_Containers
ITEM_CONTAINER	item:material:burnt-othur-fumes-inhaled	container:vial-case	1	3.0	Migrated from Allowed_Containers
ITEM_CONTAINER	item:material:burnt-othur-fumes-inhaled	container:chest	1	4.0	Migrated from Allowed_Containers
ITEM_CONTAINER	item:material:candle	container:pocket	1	1.0	Migrated from Allowed_Containers
ITEM_CONTAINER	item:material:candle	container:pouch	1	2.0	Migrated from Allowed_Containers
ITEM_CONTAINER	item:material:candle	container:chest	1	3.0	Migrated from Allowed_Containers
ITEM_CONTAINER	item:material:carnelian	container:pocket	1	1.0	Migrated from Allowed_Containers
ITEM_CONTAINER	item:material:carnelian	container:pouch	1	2.0	Migrated from Allowed_Containers
ITEM_CONTAINER	item:material:carnelian	container:chest	1	3.0	Migrated from Allowed_Containers
ITEM_CONTAINER	item:material:chalcedony	container:pocket	1	1.0	Migrated from Allowed_Containers
ITEM_CONTAINER	item:material:chalcedony	container:pouch	1	2.0	Migrated from Allowed_Containers
ITEM_CONTAINER	item:material:chalcedony	container:chest	1	3.0	Migrated from Allowed_Containers
ITEM_CONTAINER	item:material:chrysoberyl	container:pocket	1	1.0	Migrated from Allowed_Containers
ITEM_CONTAINER	item:material:chrysoberyl	container:pouch	1	2.0	Migrated from Allowed_Containers
ITEM_CONTAINER	item:material:chrysoberyl	container:chest	1	3.0	Migrated from Allowed_Containers
ITEM_CONTAINER	item:material:chrysoprase	container:pocket	1	1.0	Migrated from Allowed_Containers
ITEM_CONTAINER	item:material:chrysoprase	container:pouch	1	2.0	Migrated from Allowed_Containers
ITEM_CONTAINER	item:material:chrysoprase	container:chest	1	3.0	Migrated from Allowed_Containers
ITEM_CONTAINER	item:material:citrine	container:pocket	1	1.0	Migrated from Allowed_Containers
ITEM_CONTAINER	item:material:citrine	container:pouch	1	2.0	Migrated from Allowed_Containers
ITEM_CONTAINER	item:material:citrine	container:chest	1	3.0	Migrated from Allowed_Containers
ITEM_CONTAINER	item:material:coral	container:pocket	1	1.0	Migrated from Allowed_Containers
ITEM_CONTAINER	item:material:coral	container:pouch	1	2.0	Migrated from Allowed_Containers
ITEM_CONTAINER	item:material:coral	container:chest	1	3.0	Migrated from Allowed_Containers
ITEM_CONTAINER	item:material:crawler-mucus-contact	container:pocket	1	1.0	Migrated from Allowed_Containers
ITEM_CONTAINER	item:material:crawler-mucus-contact	container:pouch	1	2.0	Migrated from Allowed_Containers
ITEM_CONTAINER	item:material:crawler-mucus-contact	container:vial-case	1	3.0	Migrated from Allowed_Containers
ITEM_CONTAINER	item:material:crawler-mucus-contact	container:chest	1	4.0	Migrated from Allowed_Containers
ITEM_CONTAINER	item:material:diamond	container:pocket	1	1.0	Migrated from Allowed_Containers
ITEM_CONTAINER	item:material:diamond	container:pouch	1	2.0	Migrated from Allowed_Containers
ITEM_CONTAINER	item:material:diamond	container:chest	1	3.0	Migrated from Allowed_Containers
ITEM_CONTAINER	item:material:dragon-s-blood	container:pocket	1	1.0	Migrated from Allowed_Containers
ITEM_CONTAINER	item:material:dragon-s-blood	container:pouch	1	2.0	Migrated from Allowed_Containers
ITEM_CONTAINER	item:material:dragon-s-blood	container:vial-case	1	3.0	Migrated from Allowed_Containers
ITEM_CONTAINER	item:material:dragon-s-blood	container:chest	1	4.0	Migrated from Allowed_Containers
ITEM_CONTAINER	item:material:drow-poison-injury	container:pocket	1	1.0	Migrated from Allowed_Containers
ITEM_CONTAINER	item:material:drow-poison-injury	container:pouch	1	2.0	Migrated from Allowed_Containers
ITEM_CONTAINER	item:material:drow-poison-injury	container:vial-case	1	3.0	Migrated from Allowed_Containers
ITEM_CONTAINER	item:material:drow-poison-injury	container:chest	1	4.0	Migrated from Allowed_Containers
ITEM_CONTAINER	item:material:dust-of-the-mummy-inhaled	container:pocket	1	1.0	Migrated from Allowed_Containers
ITEM_CONTAINER	item:material:dust-of-the-mummy-inhaled	container:pouch	1	2.0	Migrated from Allowed_Containers
ITEM_CONTAINER	item:material:dust-of-the-mummy-inhaled	container:vial-case	1	3.0	Migrated from Allowed_Containers
ITEM_CONTAINER	item:material:dust-of-the-mummy-inhaled	container:chest	1	4.0	Migrated from Allowed_Containers
ITEM_CONTAINER	item:material:dynamite-exandria	container:pouch	1	1.0	Migrated from Allowed_Containers
ITEM_CONTAINER	item:material:dynamite-exandria	container:crate	1	2.0	Migrated from Allowed_Containers
ITEM_CONTAINER	item:material:dynamite-stick	container:pouch	1	1.0	Migrated from Allowed_Containers
ITEM_CONTAINER	item:material:dynamite-stick	container:crate	1	2.0	Migrated from Allowed_Containers
ITEM_CONTAINER	item:material:emerald	container:pocket	1	1.0	Migrated from Allowed_Containers
ITEM_CONTAINER	item:material:emerald	container:pouch	1	2.0	Migrated from Allowed_Containers
ITEM_CONTAINER	item:material:emerald	container:chest	1	3.0	Migrated from Allowed_Containers
ITEM_CONTAINER	item:material:essence-of-ether-inhaled	container:pocket	1	1.0	Migrated from Allowed_Containers
ITEM_CONTAINER	item:material:essence-of-ether-inhaled	container:pouch	1	2.0	Migrated from Allowed_Containers
ITEM_CONTAINER	item:material:essence-of-ether-inhaled	container:vial-case	1	3.0	Migrated from Allowed_Containers
ITEM_CONTAINER	item:material:essence-of-ether-inhaled	container:chest	1	4.0	Migrated from Allowed_Containers
ITEM_CONTAINER	item:material:explosive-seed	container:pocket	1	1.0	Migrated from Allowed_Containers
ITEM_CONTAINER	item:material:explosive-seed	container:pouch	1	2.0	Migrated from Allowed_Containers
ITEM_CONTAINER	item:material:explosive-seed	container:chest	1	3.0	Migrated from Allowed_Containers
ITEM_CONTAINER	item:material:eye-agate	container:pocket	1	1.0	Migrated from Allowed_Containers
ITEM_CONTAINER	item:material:eye-agate	container:pouch	1	2.0	Migrated from Allowed_Containers
ITEM_CONTAINER	item:material:eye-agate	container:chest	1	3.0	Migrated from Allowed_Containers
ITEM_CONTAINER	item:material:fire-opal	container:pocket	1	1.0	Migrated from Allowed_Containers
ITEM_CONTAINER	item:material:fire-opal	container:pouch	1	2.0	Migrated from Allowed_Containers
ITEM_CONTAINER	item:material:fire-opal	container:chest	1	3.0	Migrated from Allowed_Containers
ITEM_CONTAINER	item:material:fishing-tackle	container:bundle	1	1.0	Migrated from Allowed_Containers
ITEM_CONTAINER	item:material:fishing-tackle	container:sack	1	2.0	Migrated from Allowed_Containers
ITEM_CONTAINER	item:material:fishing-tackle	container:crate	1	3.0	Migrated from Allowed_Containers
ITEM_CONTAINER	item:material:garnet	container:pocket	1	1.0	Migrated from Allowed_Containers
ITEM_CONTAINER	item:material:garnet	container:pouch	1	2.0	Migrated from Allowed_Containers
ITEM_CONTAINER	item:material:garnet	container:chest	1	3.0	Migrated from Allowed_Containers
ITEM_CONTAINER	item:material:hematite	container:pocket	1	1.0	Migrated from Allowed_Containers
ITEM_CONTAINER	item:material:hematite	container:pouch	1	2.0	Migrated from Allowed_Containers
ITEM_CONTAINER	item:material:hematite	container:chest	1	3.0	Migrated from Allowed_Containers
ITEM_CONTAINER	item:material:holy-water-flask	container:pocket	1	1.0	Migrated from Allowed_Containers
ITEM_CONTAINER	item:material:holy-water-flask	container:pouch	1	2.0	Migrated from Allowed_Containers
ITEM_CONTAINER	item:material:holy-water-flask	container:vial-case	1	3.0	Migrated from Allowed_Containers
ITEM_CONTAINER	item:material:holy-water-flask	container:chest	1	4.0	Migrated from Allowed_Containers
ITEM_CONTAINER	item:material:ink-1-ounce-bottle	container:pocket	0	1.0	Migrated from Allowed_Containers
ITEM_CONTAINER	item:material:ink-1-ounce-bottle	container:pouch	0	2.0	Migrated from Allowed_Containers
ITEM_CONTAINER	item:material:ink-1-ounce-bottle	container:chest	0	3.0	Migrated from Allowed_Containers
ITEM_CONTAINER	item:material:ink-pen	container:pocket	1	1.0	Migrated from Allowed_Containers
ITEM_CONTAINER	item:material:ink-pen	container:pouch	1	2.0	Migrated from Allowed_Containers
ITEM_CONTAINER	item:material:ink-pen	container:scroll-tube	1	3.0	Migrated from Allowed_Containers
ITEM_CONTAINER	item:material:ivana-s-whisper-inhaled	container:pocket	1	1.0	Migrated from Allowed_Containers
ITEM_CONTAINER	item:material:ivana-s-whisper-inhaled	container:pouch	1	2.0	Migrated from Allowed_Containers
ITEM_CONTAINER	item:material:ivana-s-whisper-inhaled	container:vial-case	1	3.0	Migrated from Allowed_Containers
ITEM_CONTAINER	item:material:ivana-s-whisper-inhaled	container:chest	1	4.0	Migrated from Allowed_Containers
ITEM_CONTAINER	item:material:jacinth	container:pocket	1	1.0	Migrated from Allowed_Containers
ITEM_CONTAINER	item:material:jacinth	container:pouch	1	2.0	Migrated from Allowed_Containers
ITEM_CONTAINER	item:material:jacinth	container:chest	1	3.0	Migrated from Allowed_Containers
ITEM_CONTAINER	item:material:jade	container:pocket	1	1.0	Migrated from Allowed_Containers
ITEM_CONTAINER	item:material:jade	container:pouch	1	2.0	Migrated from Allowed_Containers
ITEM_CONTAINER	item:material:jade	container:chest	1	3.0	Migrated from Allowed_Containers
ITEM_CONTAINER	item:material:jasper	container:pocket	1	1.0	Migrated from Allowed_Containers
ITEM_CONTAINER	item:material:jasper	container:pouch	1	2.0	Migrated from Allowed_Containers
ITEM_CONTAINER	item:material:jasper	container:chest	1	3.0	Migrated from Allowed_Containers
ITEM_CONTAINER	item:material:jet	container:pocket	1	1.0	Migrated from Allowed_Containers
ITEM_CONTAINER	item:material:jet	container:pouch	1	2.0	Migrated from Allowed_Containers
ITEM_CONTAINER	item:material:jet	container:chest	1	3.0	Migrated from Allowed_Containers
ITEM_CONTAINER	item:material:lamp	container:pouch	1	1.0	Migrated from Allowed_Containers
ITEM_CONTAINER	item:material:lamp	container:chest	1	2.0	Migrated from Allowed_Containers
ITEM_CONTAINER	item:material:lapis-lazuli	container:pocket	1	1.0	Migrated from Allowed_Containers
ITEM_CONTAINER	item:material:lapis-lazuli	container:pouch	1	2.0	Migrated from Allowed_Containers
ITEM_CONTAINER	item:material:lapis-lazuli	container:chest	1	3.0	Migrated from Allowed_Containers
ITEM_CONTAINER	item:material:little-bag-of-sand	container:pouch	1	1.0	Migrated from Allowed_Containers
ITEM_CONTAINER	item:material:lolth-s-sting	container:pocket	1	1.0	Migrated from Allowed_Containers
ITEM_CONTAINER	item:material:lolth-s-sting	container:pouch	1	2.0	Migrated from Allowed_Containers
ITEM_CONTAINER	item:material:lolth-s-sting	container:vial-case	1	3.0	Migrated from Allowed_Containers
ITEM_CONTAINER	item:material:lolth-s-sting	container:chest	1	4.0	Migrated from Allowed_Containers
ITEM_CONTAINER	item:material:malachite	container:pocket	1	1.0	Migrated from Allowed_Containers
ITEM_CONTAINER	item:material:malachite	container:pouch	1	2.0	Migrated from Allowed_Containers
ITEM_CONTAINER	item:material:malachite	container:chest	1	3.0	Migrated from Allowed_Containers
ITEM_CONTAINER	item:material:malice-inhaled	container:pocket	1	1.0	Migrated from Allowed_Containers
ITEM_CONTAINER	item:material:malice-inhaled	container:pouch	1	2.0	Migrated from Allowed_Containers
ITEM_CONTAINER	item:material:malice-inhaled	container:vial-case	1	3.0	Migrated from Allowed_Containers
ITEM_CONTAINER	item:material:malice-inhaled	container:chest	1	4.0	Migrated from Allowed_Containers
ITEM_CONTAINER	item:material:midnight-tears	container:pocket	1	1.0	Migrated from Allowed_Containers
ITEM_CONTAINER	item:material:midnight-tears	container:pouch	1	2.0	Migrated from Allowed_Containers
ITEM_CONTAINER	item:material:midnight-tears	container:vial-case	1	3.0	Migrated from Allowed_Containers
ITEM_CONTAINER	item:material:midnight-tears	container:chest	1	4.0	Migrated from Allowed_Containers
ITEM_CONTAINER	item:material:midnight-tears-ingested	container:pocket	1	1.0	Migrated from Allowed_Containers
ITEM_CONTAINER	item:material:midnight-tears-ingested	container:pouch	1	2.0	Migrated from Allowed_Containers
ITEM_CONTAINER	item:material:midnight-tears-ingested	container:vial-case	1	3.0	Migrated from Allowed_Containers
ITEM_CONTAINER	item:material:midnight-tears-ingested	container:chest	1	4.0	Migrated from Allowed_Containers
ITEM_CONTAINER	item:material:moonstone	container:pocket	1	1.0	Migrated from Allowed_Containers
ITEM_CONTAINER	item:material:moonstone	container:pouch	1	2.0	Migrated from Allowed_Containers
ITEM_CONTAINER	item:material:moonstone	container:chest	1	3.0	Migrated from Allowed_Containers
ITEM_CONTAINER	item:material:moss-agate	container:pocket	1	1.0	Migrated from Allowed_Containers
ITEM_CONTAINER	item:material:moss-agate	container:pouch	1	2.0	Migrated from Allowed_Containers
ITEM_CONTAINER	item:material:moss-agate	container:chest	1	3.0	Migrated from Allowed_Containers
ITEM_CONTAINER	item:material:murgaxor-s-elixir-of-life	container:pocket	1	1.0	Migrated from Allowed_Containers
ITEM_CONTAINER	item:material:murgaxor-s-elixir-of-life	container:pouch	1	2.0	Migrated from Allowed_Containers
ITEM_CONTAINER	item:material:murgaxor-s-elixir-of-life	container:vial-case	1	3.0	Migrated from Allowed_Containers
ITEM_CONTAINER	item:material:murgaxor-s-elixir-of-life	container:chest	1	4.0	Migrated from Allowed_Containers
ITEM_CONTAINER	item:material:muroosa-balm	container:pocket	1	1.0	Migrated from Allowed_Containers
ITEM_CONTAINER	item:material:muroosa-balm	container:pouch	1	2.0	Migrated from Allowed_Containers
ITEM_CONTAINER	item:material:muroosa-balm	container:vial-case	1	3.0	Migrated from Allowed_Containers
ITEM_CONTAINER	item:material:muroosa-balm	container:chest	1	4.0	Migrated from Allowed_Containers
ITEM_CONTAINER	item:material:obsidian	container:pocket	1	1.0	Migrated from Allowed_Containers
ITEM_CONTAINER	item:material:obsidian	container:pouch	1	2.0	Migrated from Allowed_Containers
ITEM_CONTAINER	item:material:obsidian	container:chest	1	3.0	Migrated from Allowed_Containers
ITEM_CONTAINER	item:material:oil	container:pocket	0	1.0	Migrated from Allowed_Containers
ITEM_CONTAINER	item:material:oil	container:pouch	0	2.0	Migrated from Allowed_Containers
ITEM_CONTAINER	item:material:oil	container:vial-case	0	3.0	Migrated from Allowed_Containers
ITEM_CONTAINER	item:material:oil	container:chest	0	4.0	Migrated from Allowed_Containers
ITEM_CONTAINER	item:material:oil-flask	container:pocket	1	1.0	Migrated from Allowed_Containers
ITEM_CONTAINER	item:material:oil-flask	container:pouch	1	2.0	Migrated from Allowed_Containers
ITEM_CONTAINER	item:material:oil-flask	container:vial-case	1	3.0	Migrated from Allowed_Containers
ITEM_CONTAINER	item:material:oil-flask	container:chest	1	4.0	Migrated from Allowed_Containers
ITEM_CONTAINER	item:material:oil-of-taggit-contact	container:pocket	1	1.0	Migrated from Allowed_Containers
ITEM_CONTAINER	item:material:oil-of-taggit-contact	container:pouch	1	2.0	Migrated from Allowed_Containers
ITEM_CONTAINER	item:material:oil-of-taggit-contact	container:vial-case	1	3.0	Migrated from Allowed_Containers
ITEM_CONTAINER	item:material:oil-of-taggit-contact	container:chest	1	4.0	Migrated from Allowed_Containers
ITEM_CONTAINER	item:material:olisuba-leaf	container:pocket	1	1.0	Migrated from Allowed_Containers
ITEM_CONTAINER	item:material:olisuba-leaf	container:pouch	1	2.0	Migrated from Allowed_Containers
ITEM_CONTAINER	item:material:olisuba-leaf	container:vial-case	1	3.0	Migrated from Allowed_Containers
ITEM_CONTAINER	item:material:olisuba-leaf	container:chest	1	4.0	Migrated from Allowed_Containers
ITEM_CONTAINER	item:material:onyx	container:pocket	1	1.0	Migrated from Allowed_Containers
ITEM_CONTAINER	item:material:onyx	container:pouch	1	2.0	Migrated from Allowed_Containers
ITEM_CONTAINER	item:material:onyx	container:chest	1	3.0	Migrated from Allowed_Containers
ITEM_CONTAINER	item:material:opal	container:pocket	1	1.0	Migrated from Allowed_Containers
ITEM_CONTAINER	item:material:opal	container:pouch	1	2.0	Migrated from Allowed_Containers
ITEM_CONTAINER	item:material:opal	container:chest	1	3.0	Migrated from Allowed_Containers
ITEM_CONTAINER	item:material:pale-tincture-ingested	container:pocket	1	1.0	Migrated from Allowed_Containers
ITEM_CONTAINER	item:material:pale-tincture-ingested	container:pouch	1	2.0	Migrated from Allowed_Containers
ITEM_CONTAINER	item:material:pale-tincture-ingested	container:vial-case	1	3.0	Migrated from Allowed_Containers
ITEM_CONTAINER	item:material:pale-tincture-ingested	container:chest	1	4.0	Migrated from Allowed_Containers
ITEM_CONTAINER	item:material:paper-one-sheet	container:scroll-tube	1	1.0	Migrated from Allowed_Containers
ITEM_CONTAINER	item:material:paper-one-sheet	container:chest	1	2.0	Migrated from Allowed_Containers
ITEM_CONTAINER	item:material:parchment-one-sheet	container:scroll-tube	1	1.0	Migrated from Allowed_Containers
ITEM_CONTAINER	item:material:parchment-one-sheet	container:chest	1	2.0	Migrated from Allowed_Containers
ITEM_CONTAINER	item:material:pearl	container:pocket	1	1.0	Migrated from Allowed_Containers
ITEM_CONTAINER	item:material:pearl	container:pouch	1	2.0	Migrated from Allowed_Containers
ITEM_CONTAINER	item:material:pearl	container:chest	1	3.0	Migrated from Allowed_Containers
ITEM_CONTAINER	item:material:perfume	container:pocket	0	1.0	Migrated from Allowed_Containers
ITEM_CONTAINER	item:material:perfume	container:pouch	0	2.0	Migrated from Allowed_Containers
ITEM_CONTAINER	item:material:perfume	container:vial-case	0	3.0	Migrated from Allowed_Containers
ITEM_CONTAINER	item:material:perfume	container:chest	0	4.0	Migrated from Allowed_Containers
ITEM_CONTAINER	item:material:perfume-vial	container:pocket	1	1.0	Migrated from Allowed_Containers
ITEM_CONTAINER	item:material:perfume-vial	container:pouch	1	2.0	Migrated from Allowed_Containers
ITEM_CONTAINER	item:material:perfume-vial	container:vial-case	1	3.0	Migrated from Allowed_Containers
ITEM_CONTAINER	item:material:perfume-vial	container:chest	1	4.0	Migrated from Allowed_Containers
ITEM_CONTAINER	item:material:peridot	container:pocket	1	1.0	Migrated from Allowed_Containers
ITEM_CONTAINER	item:material:peridot	container:pouch	1	2.0	Migrated from Allowed_Containers
ITEM_CONTAINER	item:material:peridot	container:chest	1	3.0	Migrated from Allowed_Containers
ITEM_CONTAINER	item:material:poison-basic-vial	container:pocket	1	1.0	Migrated from Allowed_Containers
ITEM_CONTAINER	item:material:poison-basic-vial	container:pouch	1	2.0	Migrated from Allowed_Containers
ITEM_CONTAINER	item:material:poison-basic-vial	container:vial-case	1	3.0	Migrated from Allowed_Containers
ITEM_CONTAINER	item:material:poison-basic-vial	container:chest	1	4.0	Migrated from Allowed_Containers
ITEM_CONTAINER	item:material:potion-of-healing	container:pocket	1	1.0	Migrated from Allowed_Containers
ITEM_CONTAINER	item:material:potion-of-healing	container:pouch	1	2.0	Migrated from Allowed_Containers
ITEM_CONTAINER	item:material:potion-of-healing	container:vial-case	1	3.0	Migrated from Allowed_Containers
ITEM_CONTAINER	item:material:potion-of-healing	container:chest	1	4.0	Migrated from Allowed_Containers
ITEM_CONTAINER	item:material:pride-silk	container:bundle	0	1.0	Migrated from Allowed_Containers
ITEM_CONTAINER	item:material:pride-silk	container:chest	0	2.0	Migrated from Allowed_Containers
ITEM_CONTAINER	item:material:pride-silk	container:crate	1	2.0	Migrated from Allowed_Containers
ITEM_CONTAINER	item:material:purple-worm-poison-injury	container:pocket	1	1.0	Migrated from Allowed_Containers
ITEM_CONTAINER	item:material:purple-worm-poison-injury	container:pouch	1	2.0	Migrated from Allowed_Containers
ITEM_CONTAINER	item:material:purple-worm-poison-injury	container:vial-case	1	3.0	Migrated from Allowed_Containers
ITEM_CONTAINER	item:material:purple-worm-poison-injury	container:chest	1	4.0	Migrated from Allowed_Containers
ITEM_CONTAINER	item:material:quartz	container:pocket	1	1.0	Migrated from Allowed_Containers
ITEM_CONTAINER	item:material:quartz	container:pouch	1	2.0	Migrated from Allowed_Containers
ITEM_CONTAINER	item:material:quartz	container:chest	1	3.0	Migrated from Allowed_Containers
ITEM_CONTAINER	item:material:rations-1-day	container:pouch	1	1.0	Migrated from Allowed_Containers
ITEM_CONTAINER	item:material:rations-1-day	container:sack	1	2.0	Migrated from Allowed_Containers
ITEM_CONTAINER	item:material:rations-1-day	container:crate	1	3.0	Migrated from Allowed_Containers
ITEM_CONTAINER	item:material:rhodochrosite	container:pocket	1	1.0	Migrated from Allowed_Containers
ITEM_CONTAINER	item:material:rhodochrosite	container:pouch	1	2.0	Migrated from Allowed_Containers
ITEM_CONTAINER	item:material:rhodochrosite	container:chest	1	3.0	Migrated from Allowed_Containers
ITEM_CONTAINER	item:material:ruby	container:pocket	1	1.0	Migrated from Allowed_Containers
ITEM_CONTAINER	item:material:ruby	container:pouch	1	2.0	Migrated from Allowed_Containers
ITEM_CONTAINER	item:material:ruby	container:chest	1	3.0	Migrated from Allowed_Containers
ITEM_CONTAINER	item:material:sardonyx	container:pocket	1	1.0	Migrated from Allowed_Containers
ITEM_CONTAINER	item:material:sardonyx	container:pouch	1	2.0	Migrated from Allowed_Containers
ITEM_CONTAINER	item:material:sardonyx	container:chest	1	3.0	Migrated from Allowed_Containers
ITEM_CONTAINER	item:material:serpent-venom-injury	container:pocket	1	1.0	Migrated from Allowed_Containers
ITEM_CONTAINER	item:material:serpent-venom-injury	container:pouch	1	2.0	Migrated from Allowed_Containers
ITEM_CONTAINER	item:material:serpent-venom-injury	container:vial-case	1	3.0	Migrated from Allowed_Containers
ITEM_CONTAINER	item:material:serpent-venom-injury	container:chest	1	4.0	Migrated from Allowed_Containers
ITEM_CONTAINER	item:material:soap	container:pocket	1	1.0	Migrated from Allowed_Containers
ITEM_CONTAINER	item:material:soap	container:pouch	1	2.0	Migrated from Allowed_Containers
ITEM_CONTAINER	item:material:spinel	container:pocket	1	1.0	Migrated from Allowed_Containers
ITEM_CONTAINER	item:material:spinel	container:pouch	1	2.0	Migrated from Allowed_Containers
ITEM_CONTAINER	item:material:spinel	container:chest	1	3.0	Migrated from Allowed_Containers
ITEM_CONTAINER	item:material:star-rose-quartz	container:pocket	1	1.0	Migrated from Allowed_Containers
ITEM_CONTAINER	item:material:star-rose-quartz	container:pouch	1	2.0	Migrated from Allowed_Containers
ITEM_CONTAINER	item:material:star-rose-quartz	container:chest	1	3.0	Migrated from Allowed_Containers
ITEM_CONTAINER	item:material:star-ruby	container:pocket	1	1.0	Migrated from Allowed_Containers
ITEM_CONTAINER	item:material:star-ruby	container:pouch	1	2.0	Migrated from Allowed_Containers
ITEM_CONTAINER	item:material:star-ruby	container:chest	1	3.0	Migrated from Allowed_Containers
ITEM_CONTAINER	item:material:star-sapphire	container:pocket	1	1.0	Migrated from Allowed_Containers
ITEM_CONTAINER	item:material:star-sapphire	container:pouch	1	2.0	Migrated from Allowed_Containers
ITEM_CONTAINER	item:material:star-sapphire	container:chest	1	3.0	Migrated from Allowed_Containers
ITEM_CONTAINER	item:material:tej	container:pocket	0	1.0	Migrated from Allowed_Containers
ITEM_CONTAINER	item:material:tej	container:pouch	0	2.0	Migrated from Allowed_Containers
ITEM_CONTAINER	item:material:tej	container:vial-case	0	3.0	Migrated from Allowed_Containers
ITEM_CONTAINER	item:material:tej	container:chest	0	4.0	Migrated from Allowed_Containers
ITEM_CONTAINER	item:material:theki-root	container:pocket	1	1.0	Migrated from Allowed_Containers
ITEM_CONTAINER	item:material:theki-root	container:pouch	1	2.0	Migrated from Allowed_Containers
ITEM_CONTAINER	item:material:theki-root	container:vial-case	1	3.0	Migrated from Allowed_Containers
ITEM_CONTAINER	item:material:theki-root	container:chest	1	4.0	Migrated from Allowed_Containers
ITEM_CONTAINER	item:material:thessaltoxin-ingested-or-injury	container:pocket	1	1.0	Migrated from Allowed_Containers
ITEM_CONTAINER	item:material:thessaltoxin-ingested-or-injury	container:pouch	1	2.0	Migrated from Allowed_Containers
ITEM_CONTAINER	item:material:thessaltoxin-ingested-or-injury	container:vial-case	1	3.0	Migrated from Allowed_Containers
ITEM_CONTAINER	item:material:thessaltoxin-ingested-or-injury	container:chest	1	4.0	Migrated from Allowed_Containers
ITEM_CONTAINER	item:material:tiger-eye	container:pocket	1	1.0	Migrated from Allowed_Containers
ITEM_CONTAINER	item:material:tiger-eye	container:pouch	1	2.0	Migrated from Allowed_Containers
ITEM_CONTAINER	item:material:tiger-eye	container:chest	1	3.0	Migrated from Allowed_Containers
ITEM_CONTAINER	item:material:topaz	container:pocket	1	1.0	Migrated from Allowed_Containers
ITEM_CONTAINER	item:material:topaz	container:pouch	1	2.0	Migrated from Allowed_Containers
ITEM_CONTAINER	item:material:topaz	container:chest	1	3.0	Migrated from Allowed_Containers
ITEM_CONTAINER	item:material:torch	container:bundle	1	1.0	Migrated from Allowed_Containers
ITEM_CONTAINER	item:material:torch	container:sack	1	2.0	Migrated from Allowed_Containers
ITEM_CONTAINER	item:material:torch	container:crate	1	3.0	Migrated from Allowed_Containers
ITEM_CONTAINER	item:material:torpor-ingested	container:pocket	1	1.0	Migrated from Allowed_Containers
ITEM_CONTAINER	item:material:torpor-ingested	container:pouch	1	2.0	Migrated from Allowed_Containers
ITEM_CONTAINER	item:material:torpor-ingested	container:vial-case	1	3.0	Migrated from Allowed_Containers
ITEM_CONTAINER	item:material:torpor-ingested	container:chest	1	4.0	Migrated from Allowed_Containers
ITEM_CONTAINER	item:material:tourmaline	container:pocket	1	1.0	Migrated from Allowed_Containers
ITEM_CONTAINER	item:material:tourmaline	container:pouch	1	2.0	Migrated from Allowed_Containers
ITEM_CONTAINER	item:material:tourmaline	container:chest	1	3.0	Migrated from Allowed_Containers
ITEM_CONTAINER	item:material:truth-serum-ingested	container:pocket	1	1.0	Migrated from Allowed_Containers
ITEM_CONTAINER	item:material:truth-serum-ingested	container:pouch	1	2.0	Migrated from Allowed_Containers
ITEM_CONTAINER	item:material:truth-serum-ingested	container:vial-case	1	3.0	Migrated from Allowed_Containers
ITEM_CONTAINER	item:material:truth-serum-ingested	container:chest	1	4.0	Migrated from Allowed_Containers
ITEM_CONTAINER	item:material:turquoise	container:pocket	1	1.0	Migrated from Allowed_Containers
ITEM_CONTAINER	item:material:turquoise	container:pouch	1	2.0	Migrated from Allowed_Containers
ITEM_CONTAINER	item:material:turquoise	container:chest	1	3.0	Migrated from Allowed_Containers
ITEM_CONTAINER	item:material:war-oil	container:pocket	1	1.0	Migrated from Allowed_Containers
ITEM_CONTAINER	item:material:war-oil	container:pouch	1	2.0	Migrated from Allowed_Containers
ITEM_CONTAINER	item:material:war-oil	container:vial-case	1	3.0	Migrated from Allowed_Containers
ITEM_CONTAINER	item:material:war-oil	container:chest	1	4.0	Migrated from Allowed_Containers
ITEM_CONTAINER	item:material:watcher-s-candle	container:pocket	1	1.0	Migrated from Allowed_Containers
ITEM_CONTAINER	item:material:watcher-s-candle	container:pouch	1	2.0	Migrated from Allowed_Containers
ITEM_CONTAINER	item:material:watcher-s-candle	container:chest	1	3.0	Migrated from Allowed_Containers
ITEM_CONTAINER	item:material:white-ghost-orchid-seed	container:pocket	1	1.0	Migrated from Allowed_Containers
ITEM_CONTAINER	item:material:white-ghost-orchid-seed	container:pouch	1	2.0	Migrated from Allowed_Containers
ITEM_CONTAINER	item:material:white-ghost-orchid-seed	container:component-pouch	1	3.0	Migrated from Allowed_Containers
ITEM_CONTAINER	item:material:white-ghost-orchid-seed	container:chest	1	4.0	Migrated from Allowed_Containers
ITEM_CONTAINER	item:material:willowshade-oil	container:pocket	1	1.0	Migrated from Allowed_Containers
ITEM_CONTAINER	item:material:willowshade-oil	container:pouch	1	2.0	Migrated from Allowed_Containers
ITEM_CONTAINER	item:material:willowshade-oil	container:vial-case	1	3.0	Migrated from Allowed_Containers
ITEM_CONTAINER	item:material:willowshade-oil	container:chest	1	4.0	Migrated from Allowed_Containers
ITEM_CONTAINER	item:material:wyvern-poison-injury	container:pocket	1	1.0	Migrated from Allowed_Containers
ITEM_CONTAINER	item:material:wyvern-poison-injury	container:pouch	1	2.0	Migrated from Allowed_Containers
ITEM_CONTAINER	item:material:wyvern-poison-injury	container:vial-case	1	3.0	Migrated from Allowed_Containers
ITEM_CONTAINER	item:material:wyvern-poison-injury	container:chest	1	4.0	Migrated from Allowed_Containers
ITEM_CONTAINER	item:material:yellow-sapphire	container:pocket	1	1.0	Migrated from Allowed_Containers
ITEM_CONTAINER	item:material:yellow-sapphire	container:pouch	1	2.0	Migrated from Allowed_Containers
ITEM_CONTAINER	item:material:yellow-sapphire	container:chest	1	3.0	Migrated from Allowed_Containers
ITEM_CONTAINER	item:material:zircon	container:pocket	1	1.0	Migrated from Allowed_Containers
ITEM_CONTAINER	item:material:zircon	container:pouch	1	2.0	Migrated from Allowed_Containers
ITEM_CONTAINER	item:material:zircon	container:chest	1	3.0	Migrated from Allowed_Containers
ITEM_CONTAINER	item:material:raw-wool-lb	container:sack	1	1.0	Migrated from Allowed_Containers
ITEM_CONTAINER	item:material:raw-wool-lb	container:crate	1	2.0	Migrated from Allowed_Containers
ITEM_CONTAINER	item:material:raw-wool-lb	container:cart	1	3.0	Migrated from Allowed_Containers
ITEM_CONTAINER	item:material:iron-lb	container:sack	1	1.0	Migrated from Allowed_Containers
ITEM_CONTAINER	item:material:iron-lb	container:crate	1	2.0	Migrated from Allowed_Containers
ITEM_CONTAINER	item:material:iron-lb	container:cart	1	3.0	Migrated from Allowed_Containers
ITEM_CONTAINER	item:material:wood-planks-lb	container:crate	1	1.0	Migrated from Allowed_Containers
ITEM_CONTAINER	item:material:wood-planks-lb	container:cart	1	2.0	Migrated from Allowed_Containers
ITEM_CONTAINER	item:material:canvas-lb-sq-yd	container:sack	1	1.0	Migrated from Allowed_Containers
ITEM_CONTAINER	item:material:canvas-lb-sq-yd	container:crate	1	2.0	Migrated from Allowed_Containers
ITEM_CONTAINER	item:material:canvas-lb-sq-yd	container:cart	1	3.0	Migrated from Allowed_Containers
ITEM_CONTAINER	item:material:leather-lb-sq-yd	container:sack	1	1.0	Migrated from Allowed_Containers
ITEM_CONTAINER	item:material:leather-lb-sq-yd	container:crate	1	2.0	Migrated from Allowed_Containers
ITEM_CONTAINER	item:material:leather-lb-sq-yd	container:cart	1	3.0	Migrated from Allowed_Containers
ITEM_CONTAINER	item:material:furs	container:sack	1	1.0	Migrated from Allowed_Containers
ITEM_CONTAINER	item:material:furs	container:crate	1	2.0	Migrated from Allowed_Containers
ITEM_CONTAINER	item:material:furs	container:cart	1	3.0	Migrated from Allowed_Containers
ITEM_CONTAINER	item:material:copper-lb	container:sack	1	1.0	Migrated from Allowed_Containers
ITEM_CONTAINER	item:material:copper-lb	container:crate	1	2.0	Migrated from Allowed_Containers
ITEM_CONTAINER	item:material:copper-lb	container:cart	1	3.0	Migrated from Allowed_Containers
ITEM_CONTAINER	item:material:beeswax	container:sack	1	1.0	Migrated from Allowed_Containers
ITEM_CONTAINER	item:material:beeswax	container:crate	1	2.0	Migrated from Allowed_Containers
ITEM_CONTAINER	item:material:beeswax	container:cart	1	3.0	Migrated from Allowed_Containers
ITEM_CONTAINER	item:material:cotton-lb	container:sack	1	1.0	Migrated from Allowed_Containers
ITEM_CONTAINER	item:material:cotton-lb	container:crate	1	2.0	Migrated from Allowed_Containers
ITEM_CONTAINER	item:material:cotton-lb	container:cart	1	3.0	Migrated from Allowed_Containers
ITEM_CONTAINER	item:material:copper-tableware	container:crate	1	1.0	Migrated from Allowed_Containers
ITEM_CONTAINER	item:material:copper-tableware	container:cart	1	2.0	Migrated from Allowed_Containers
ITEM_CONTAINER	item:material:fine-leather-lb-sq-yd	container:sack	1	1.0	Migrated from Allowed_Containers
ITEM_CONTAINER	item:material:fine-leather-lb-sq-yd	container:crate	1	2.0	Migrated from Allowed_Containers
ITEM_CONTAINER	item:material:fine-leather-lb-sq-yd	container:cart	1	3.0	Migrated from Allowed_Containers
ITEM_CONTAINER	item:material:ivory-lb	container:sack	1	1.0	Migrated from Allowed_Containers
ITEM_CONTAINER	item:material:ivory-lb	container:crate	1	2.0	Migrated from Allowed_Containers
ITEM_CONTAINER	item:material:ivory-lb	container:cart	1	3.0	Migrated from Allowed_Containers
ITEM_CONTAINER	item:material:amber-lb	container:sack	1	1.0	Migrated from Allowed_Containers
ITEM_CONTAINER	item:material:amber-lb	container:crate	1	2.0	Migrated from Allowed_Containers
ITEM_CONTAINER	item:material:amber-lb	container:cart	1	3.0	Migrated from Allowed_Containers
ITEM_CONTAINER	item:material:silver-lb	container:sack	1	1.0	Migrated from Allowed_Containers
ITEM_CONTAINER	item:material:silver-lb	container:crate	1	2.0	Migrated from Allowed_Containers
ITEM_CONTAINER	item:material:silver-lb	container:cart	1	3.0	Migrated from Allowed_Containers
ITEM_CONTAINER	item:material:linen-lb-sq-yd	container:sack	1	1.0	Migrated from Allowed_Containers
ITEM_CONTAINER	item:material:linen-lb-sq-yd	container:crate	1	2.0	Migrated from Allowed_Containers
ITEM_CONTAINER	item:material:linen-lb-sq-yd	container:cart	1	3.0	Migrated from Allowed_Containers
ITEM_CONTAINER	item:material:hardened-carving-wood-lb	container:crate	1	1.0	Migrated from Allowed_Containers
ITEM_CONTAINER	item:material:hardened-carving-wood-lb	container:cart	1	2.0	Migrated from Allowed_Containers
ITEM_CONTAINER	item:material:silk-lb	container:sack	1	1.0	Migrated from Allowed_Containers
ITEM_CONTAINER	item:material:silk-lb	container:crate	1	2.0	Migrated from Allowed_Containers
ITEM_CONTAINER	item:material:silk-lb	container:cart	1	3.0	Migrated from Allowed_Containers
ITEM_CONTAINER	item:material:medicinal-herbs-lb	container:pouch	1	1.0	Migrated from Allowed_Containers
ITEM_CONTAINER	item:material:medicinal-herbs-lb	container:sack	1	2.0	Migrated from Allowed_Containers
ITEM_CONTAINER	item:material:medicinal-herbs-lb	container:crate	1	3.0	Migrated from Allowed_Containers
ITEM_CONTAINER	item:material:mercury-lb	container:pouch	0	1.0	Migrated from Allowed_Containers
ITEM_CONTAINER	item:material:mercury-lb	container:crate	0	2.0	Migrated from Allowed_Containers
ITEM_CONTAINER	item:material:gold-lb	container:pouch	1	1.0	Migrated from Allowed_Containers
ITEM_CONTAINER	item:material:gold-lb	container:chest	1	2.0	Migrated from Allowed_Containers
ITEM_CONTAINER	item:material:gold-lb	container:crate	1	3.0	Migrated from Allowed_Containers
ITEM_CONTAINER	item:material:platinum-lb	container:pouch	1	1.0	Migrated from Allowed_Containers
ITEM_CONTAINER	item:material:platinum-lb	container:chest	1	2.0	Migrated from Allowed_Containers
ITEM_CONTAINER	item:material:platinum-lb	container:crate	1	3.0	Migrated from Allowed_Containers
ITEM_CONTAINER	item:material:dragonshard	container:pocket	1	1.0	Migrated from Allowed_Containers
ITEM_CONTAINER	item:material:dragonshard	container:pouch	1	2.0	Migrated from Allowed_Containers
ITEM_CONTAINER	item:material:dragonshard	container:component-pouch	1	3.0	Migrated from Allowed_Containers
ITEM_CONTAINER	item:material:dragonshard	container:chest	1	4.0	Migrated from Allowed_Containers
ITEM_CONTAINER	item:material:gunpowder	container:pouch	1	1.0	Migrated from Allowed_Containers
ITEM_CONTAINER	item:material:gunpowder	container:crate	1	3.0	Migrated from Allowed_Containers
ITEM_CONTAINER	item:material:alchemist-s-fire	container:pocket	1	1.0	Migrated from Allowed_Containers
ITEM_CONTAINER	item:material:alchemist-s-fire	container:pouch	1	2.0	Migrated from Allowed_Containers
ITEM_CONTAINER	item:material:alchemist-s-fire	container:vial-case	1	3.0	Migrated from Allowed_Containers
ITEM_CONTAINER	item:material:alchemist-s-fire	container:chest	1	4.0	Migrated from Allowed_Containers
ITEM_CONTAINER	item:material:insect-repellent	container:pocket	0	1.0	Migrated from Allowed_Containers
ITEM_CONTAINER	item:material:insect-repellent	container:pouch	0	2.0	Migrated from Allowed_Containers
ITEM_CONTAINER	item:material:insect-repellent	container:vial-case	0	3.0	Migrated from Allowed_Containers
ITEM_CONTAINER	item:material:insect-repellent	container:chest	0	4.0	Migrated from Allowed_Containers
ITEM_CONTAINER	item:material:grenade	container:pouch	1	1.0	Migrated from Allowed_Containers
ITEM_CONTAINER	item:material:grenade	container:crate	1	2.0	Migrated from Allowed_Containers
MODIFIER_PROFILE	modifier:modular:engraved	profile:blade-weapon	1	1.0
MODIFIER_PROFILE	modifier:modular:engraved	profile:ranged-weapon	1	2.0
MODIFIER_PROFILE	modifier:modular:engraved	profile:firearm	1	3.0
MODIFIER_PROFILE	modifier:modular:engraved	profile:armor	1	4.0
MODIFIER_PROFILE	modifier:modular:engraved	profile:shield	1	5.0
MODIFIER_PROFILE	modifier:modular:engraved	profile:tool	1	6.0
MODIFIER_PROFILE	modifier:modular:engraved	profile:instrument	1	7.0
MODIFIER_PROFILE	modifier:modular:engraved	profile:book	1	8.0
MODIFIER_PROFILE	modifier:modular:engraved	profile:holy-symbol	1	9.0
MODIFIER_PROFILE	modifier:modular:engraved	profile:arcane-focus	1	10.0
MODIFIER_PROFILE	modifier:modular:engraved	profile:druidic-focus	1	11.0
MODIFIER_PROFILE	modifier:modular:engraved	profile:art-object	1	12.0
MODIFIER_PROFILE	modifier:modular:engraved	profile:utility-object	1	13.0
MODIFIER_PROFILE	modifier:modular:engraved	profile:relic	1	14.0
MODIFIER_PROFILE	modifier:modular:engraved	profile:gear	1	15.0
MODIFIER_PROFILE	modifier:modular:ornate	profile:blade-weapon	1	1.0
MODIFIER_PROFILE	modifier:modular:ornate	profile:ranged-weapon	1	2.0
MODIFIER_PROFILE	modifier:modular:ornate	profile:firearm	1	3.0
MODIFIER_PROFILE	modifier:modular:ornate	profile:armor	1	4.0
MODIFIER_PROFILE	modifier:modular:ornate	profile:shield	1	5.0
MODIFIER_PROFILE	modifier:modular:ornate	profile:tool	1	6.0
MODIFIER_PROFILE	modifier:modular:ornate	profile:instrument	1	7.0
MODIFIER_PROFILE	modifier:modular:ornate	profile:book	1	8.0
MODIFIER_PROFILE	modifier:modular:ornate	profile:holy-symbol	1	9.0
MODIFIER_PROFILE	modifier:modular:ornate	profile:arcane-focus	1	10.0
MODIFIER_PROFILE	modifier:modular:ornate	profile:druidic-focus	1	11.0
MODIFIER_PROFILE	modifier:modular:ornate	profile:textile	1	12.0
MODIFIER_PROFILE	modifier:modular:ornate	profile:pack-or-case	1	13.0
MODIFIER_PROFILE	modifier:modular:ornate	profile:mount-gear	1	14.0
MODIFIER_PROFILE	modifier:modular:ornate	profile:art-object	1	15.0
MODIFIER_PROFILE	modifier:modular:ornate	profile:utility-object	1	16.0
MODIFIER_PROFILE	modifier:modular:ornate	profile:relic	1	17.0
MODIFIER_PROFILE	modifier:modular:ornate	profile:gear	1	18.0
MODIFIER_PROFILE	modifier:modular:silvered	profile:blade-weapon	1	1.0
MODIFIER_PROFILE	modifier:modular:silvered	profile:shield	1	2.0
MODIFIER_PROFILE	modifier:modular:silvered	profile:armor	1	3.0
MODIFIER_PROFILE	modifier:modular:silvered	profile:holy-symbol	1	4.0
MODIFIER_PROFILE	modifier:modular:silvered	profile:ammunition	1	5.0
MODIFIER_PROFILE	modifier:modular:gold-inlaid	profile:blade-weapon	1	1.0
MODIFIER_PROFILE	modifier:modular:gold-inlaid	profile:ranged-weapon	1	2.0
MODIFIER_PROFILE	modifier:modular:gold-inlaid	profile:firearm	1	3.0
MODIFIER_PROFILE	modifier:modular:gold-inlaid	profile:shield	1	4.0
MODIFIER_PROFILE	modifier:modular:gold-inlaid	profile:armor	1	5.0
MODIFIER_PROFILE	modifier:modular:gold-inlaid	profile:tool	1	6.0
MODIFIER_PROFILE	modifier:modular:gold-inlaid	profile:instrument	1	7.0
MODIFIER_PROFILE	modifier:modular:gold-inlaid	profile:book	1	8.0
MODIFIER_PROFILE	modifier:modular:gold-inlaid	profile:holy-symbol	1	9.0
MODIFIER_PROFILE	modifier:modular:gold-inlaid	profile:arcane-focus	1	10.0
MODIFIER_PROFILE	modifier:modular:gold-inlaid	profile:druidic-focus	1	11.0
MODIFIER_PROFILE	modifier:modular:gold-inlaid	profile:art-object	1	12.0
MODIFIER_PROFILE	modifier:modular:gem-set	profile:blade-weapon	1	1.0
MODIFIER_PROFILE	modifier:modular:gem-set	profile:shield	1	2.0
MODIFIER_PROFILE	modifier:modular:gem-set	profile:armor	1	3.0
MODIFIER_PROFILE	modifier:modular:gem-set	profile:book	1	4.0
MODIFIER_PROFILE	modifier:modular:gem-set	profile:holy-symbol	1	5.0
MODIFIER_PROFILE	modifier:modular:gem-set	profile:arcane-focus	1	6.0
MODIFIER_PROFILE	modifier:modular:gem-set	profile:druidic-focus	1	7.0
MODIFIER_PROFILE	modifier:modular:gem-set	profile:art-object	1	8.0
MODIFIER_PROFILE	modifier:modular:gem-set	profile:tool	1	9.0
MODIFIER_PROFILE	modifier:modular:gem-set	profile:instrument	1	10.0
MODIFIER_PROFILE	modifier:modular:jeweled	profile:book	1	1.0
MODIFIER_PROFILE	modifier:modular:jeweled	profile:holy-symbol	1	2.0
MODIFIER_PROFILE	modifier:modular:jeweled	profile:art-object	1	3.0
MODIFIER_PROFILE	modifier:modular:jeweled	profile:textile	1	4.0
MODIFIER_PROFILE	modifier:modular:jeweled	profile:pack-or-case	1	5.0
MODIFIER_PROFILE	modifier:modular:jeweled	profile:mount-gear	1	6.0
MODIFIER_PROFILE	modifier:modular:ivory-inlaid	profile:tool	1	1.0
MODIFIER_PROFILE	modifier:modular:ivory-inlaid	profile:instrument	1	2.0
MODIFIER_PROFILE	modifier:modular:ivory-inlaid	profile:book	1	3.0
MODIFIER_PROFILE	modifier:modular:ivory-inlaid	profile:holy-symbol	1	4.0
MODIFIER_PROFILE	modifier:modular:ivory-inlaid	profile:art-object	1	5.0
MODIFIER_PROFILE	modifier:modular:ivory-inlaid	profile:arcane-focus	1	6.0
MODIFIER_PROFILE	modifier:modular:ivory-inlaid	profile:druidic-focus	1	7.0
MODIFIER_PROFILE	modifier:modular:silk-lined	profile:textile	1	1.0
MODIFIER_PROFILE	modifier:modular:silk-lined	profile:pack-or-case	1	2.0
MODIFIER_PROFILE	modifier:modular:silk-lined	profile:instrument	1	3.0
MODIFIER_PROFILE	modifier:modular:silk-lined	profile:book	1	4.0
MODIFIER_PROFILE	modifier:modular:embroidered	profile:textile	1	1.0
MODIFIER_PROFILE	modifier:modular:embroidered	profile:pack-or-case	1	2.0
MODIFIER_PROFILE	modifier:modular:embroidered	profile:mount-gear	1	3.0
MODIFIER_PROFILE	modifier:modular:celestial-motif	profile:blade-weapon	1	1.0
MODIFIER_PROFILE	modifier:modular:celestial-motif	profile:shield	1	2.0
MODIFIER_PROFILE	modifier:modular:celestial-motif	profile:armor	1	3.0
MODIFIER_PROFILE	modifier:modular:celestial-motif	profile:book	1	4.0
MODIFIER_PROFILE	modifier:modular:celestial-motif	profile:holy-symbol	1	5.0
MODIFIER_PROFILE	modifier:modular:celestial-motif	profile:arcane-focus	1	6.0
MODIFIER_PROFILE	modifier:modular:serpent-motif	profile:blade-weapon	1	1.0
MODIFIER_PROFILE	modifier:modular:serpent-motif	profile:shield	1	2.0
MODIFIER_PROFILE	modifier:modular:serpent-motif	profile:armor	1	3.0
MODIFIER_PROFILE	modifier:modular:serpent-motif	profile:book	1	4.0
MODIFIER_PROFILE	modifier:modular:serpent-motif	profile:druidic-focus	1	5.0
MODIFIER_PROFILE	modifier:modular:dwarven-runes	profile:blade-weapon	1	1.0
MODIFIER_PROFILE	modifier:modular:dwarven-runes	profile:armor	1	2.0
MODIFIER_PROFILE	modifier:modular:dwarven-runes	profile:shield	1	3.0
MODIFIER_PROFILE	modifier:modular:dwarven-runes	profile:tool	1	4.0
MODIFIER_PROFILE	modifier:modular:elven-vinework	profile:blade-weapon	1	1.0
MODIFIER_PROFILE	modifier:modular:elven-vinework	profile:instrument	1	2.0
MODIFIER_PROFILE	modifier:modular:elven-vinework	profile:book	1	3.0
MODIFIER_PROFILE	modifier:modular:elven-vinework	profile:druidic-focus	1	4.0
MODIFIER_PROFILE	modifier:modular:elven-vinework	profile:arcane-focus	1	5.0
MODIFIER_PROFILE	modifier:modular:velvet-case	profile:tool	1	1.0
MODIFIER_PROFILE	modifier:modular:velvet-case	profile:instrument	1	2.0
MODIFIER_PROFILE	modifier:modular:velvet-case	profile:book	1	3.0
MODIFIER_PROFILE	modifier:modular:velvet-case	profile:arcane-focus	1	4.0
MODIFIER_PROFILE	modifier:modular:velvet-case	profile:holy-symbol	1	5.0
MODIFIER_PROFILE	modifier:modular:velvet-case	profile:utility-object	1	6.0
MODIFIER_PROFILE	modifier:modular:lacquered-case	profile:tool	1	1.0
MODIFIER_PROFILE	modifier:modular:lacquered-case	profile:instrument	1	2.0
MODIFIER_PROFILE	modifier:modular:lacquered-case	profile:book	1	3.0
MODIFIER_PROFILE	modifier:modular:lacquered-case	profile:arcane-focus	1	4.0
MODIFIER_PROFILE	modifier:modular:lacquered-case	profile:holy-symbol	1	5.0
MODIFIER_PROFILE	modifier:modular:lacquered-case	profile:utility-object	1	6.0
MODIFIER_PROFILE	modifier:modular:silver-fittings	profile:blade-weapon	1	1.0
MODIFIER_PROFILE	modifier:modular:silver-fittings	profile:shield	1	2.0
MODIFIER_PROFILE	modifier:modular:silver-fittings	profile:armor	1	3.0
MODIFIER_PROFILE	modifier:modular:silver-fittings	profile:book	1	4.0
MODIFIER_PROFILE	modifier:modular:silver-fittings	profile:holy-symbol	1	5.0
MODIFIER_PROFILE	modifier:modular:silver-fittings	profile:arcane-focus	1	6.0
MODIFIER_PROFILE	modifier:modular:silver-fittings	profile:druidic-focus	1	7.0
MODIFIER_PROFILE	modifier:modular:silver-fittings	profile:art-object	1	8.0
MODIFIER_PROFILE	modifier:modular:silver-fittings	profile:tool	1	9.0
MODIFIER_PROFILE	modifier:modular:silver-fittings	profile:instrument	1	10.0
MODIFIER_PROFILE	modifier:modular:silver-fittings	profile:relic	1	11.0
MODIFIER_PROFILE	modifier:modular:gilded	profile:blade-weapon	1	1.0
MODIFIER_PROFILE	modifier:modular:gilded	profile:shield	1	2.0
MODIFIER_PROFILE	modifier:modular:gilded	profile:armor	1	3.0
MODIFIER_PROFILE	modifier:modular:gilded	profile:book	1	4.0
MODIFIER_PROFILE	modifier:modular:gilded	profile:holy-symbol	1	5.0
MODIFIER_PROFILE	modifier:modular:gilded	profile:arcane-focus	1	6.0
MODIFIER_PROFILE	modifier:modular:gilded	profile:druidic-focus	1	7.0
MODIFIER_PROFILE	modifier:modular:gilded	profile:art-object	1	8.0
MODIFIER_PROFILE	modifier:modular:gilded	profile:tool	1	9.0
MODIFIER_PROFILE	modifier:modular:gilded	profile:instrument	1	10.0
MODIFIER_PROFILE	modifier:modular:gem-centered	profile:holy-symbol	1	1.0
MODIFIER_PROFILE	modifier:modular:gem-centered	profile:arcane-focus	1	2.0
MODIFIER_PROFILE	modifier:modular:gem-centered	profile:druidic-focus	1	3.0
MODIFIER_PROFILE	modifier:modular:gem-centered	profile:art-object	1	4.0
MODIFIER_PROFILE	modifier:modular:gem-centered	profile:shield	1	5.0
MODIFIER_PROFILE	modifier:variant:masterwork	profile:blade-weapon	1	1.0
MODIFIER_PROFILE	modifier:variant:masterwork	profile:ranged-weapon	1	2.0
MODIFIER_PROFILE	modifier:variant:masterwork	profile:firearm	1	3.0
MODIFIER_PROFILE	modifier:variant:masterwork	profile:armor	1	4.0
MODIFIER_PROFILE	modifier:variant:masterwork	profile:shield	1	5.0
MODIFIER_PROFILE	modifier:variant:masterwork	profile:tool	1	6.0
MODIFIER_PROFILE	modifier:variant:masterwork	profile:instrument	1	7.0
MODIFIER_PROFILE	modifier:variant:masterwork	profile:book	1	8.0
MODIFIER_PROFILE	modifier:variant:masterwork	profile:holy-symbol	1	9.0
MODIFIER_PROFILE	modifier:variant:masterwork	profile:arcane-focus	1	10.0
MODIFIER_PROFILE	modifier:variant:masterwork	profile:druidic-focus	1	11.0
MODIFIER_PROFILE	modifier:variant:masterwork	profile:art-object	1	12.0
MODIFIER_PROFILE	modifier:variant:ceremonial	profile:blade-weapon	1	1.0
MODIFIER_PROFILE	modifier:variant:ceremonial	profile:ranged-weapon	1	2.0
MODIFIER_PROFILE	modifier:variant:ceremonial	profile:firearm	1	3.0
MODIFIER_PROFILE	modifier:variant:ceremonial	profile:armor	1	4.0
MODIFIER_PROFILE	modifier:variant:ceremonial	profile:shield	1	5.0
MODIFIER_PROFILE	modifier:variant:ceremonial	profile:tool	1	6.0
MODIFIER_PROFILE	modifier:variant:ceremonial	profile:instrument	1	7.0
MODIFIER_PROFILE	modifier:variant:ceremonial	profile:book	1	8.0
MODIFIER_PROFILE	modifier:variant:ceremonial	profile:holy-symbol	1	9.0
MODIFIER_PROFILE	modifier:variant:ceremonial	profile:arcane-focus	1	10.0
MODIFIER_PROFILE	modifier:variant:ceremonial	profile:druidic-focus	1	11.0
MODIFIER_PROFILE	modifier:variant:ceremonial	profile:art-object	1	12.0
MODIFIER_PROFILE	modifier:variant:ceremonial	profile:relic	1	13.0
MODIFIER_PROFILE	modifier:variant:antique	profile:book	1	1.0
MODIFIER_PROFILE	modifier:variant:antique	profile:holy-symbol	1	2.0
MODIFIER_PROFILE	modifier:variant:antique	profile:instrument	1	3.0
MODIFIER_PROFILE	modifier:variant:antique	profile:art-object	1	4.0
MODIFIER_PROFILE	modifier:variant:antique	profile:relic	1	5.0
MODIFIER_PROFILE	modifier:variant:antique	profile:tool	1	6.0
MODIFIER_PROFILE	modifier:variant:guild-made	profile:tool	1	1.0
MODIFIER_PROFILE	modifier:variant:guild-made	profile:instrument	1	2.0
MODIFIER_PROFILE	modifier:variant:guild-made	profile:utility-object	1	3.0
MODIFIER_PROFILE	modifier:variant:guild-made	profile:pack-or-case	1	4.0
MODIFIER_PROFILE	modifier:variant:temple-made	profile:holy-symbol	1	1.0
MODIFIER_PROFILE	modifier:variant:temple-made	profile:relic	1	2.0
MODIFIER_PROFILE	modifier:variant:temple-made	profile:book	1	3.0
MODIFIER_PROFILE	modifier:variant:cultural-style	profile:blade-weapon	1	1.0
MODIFIER_PROFILE	modifier:variant:cultural-style	profile:ranged-weapon	1	2.0
MODIFIER_PROFILE	modifier:variant:cultural-style	profile:firearm	1	3.0
MODIFIER_PROFILE	modifier:variant:cultural-style	profile:armor	1	4.0
MODIFIER_PROFILE	modifier:variant:cultural-style	profile:shield	1	5.0
MODIFIER_PROFILE	modifier:variant:cultural-style	profile:tool	1	6.0
MODIFIER_PROFILE	modifier:variant:cultural-style	profile:instrument	1	7.0
MODIFIER_PROFILE	modifier:variant:cultural-style	profile:book	1	8.0
MODIFIER_PROFILE	modifier:variant:cultural-style	profile:holy-symbol	1	9.0
MODIFIER_PROFILE	modifier:variant:cultural-style	profile:arcane-focus	1	10.0
MODIFIER_PROFILE	modifier:variant:cultural-style	profile:druidic-focus	1	11.0
MODIFIER_PROFILE	modifier:variant:cultural-style	profile:textile	1	12.0
MODIFIER_PROFILE	modifier:variant:cultural-style	profile:pack-or-case	1	13.0
MODIFIER_PROFILE	modifier:variant:cultural-style	profile:art-object	1	14.0
MODIFIER_PROFILE	modifier:variant:cultural-style	profile:relic	1	15.0
MODIFIER_PROFILE	modifier:variant:book-contents	profile:book	1	1.0
MODIFIER_CATEGORY	modifier:variant:book-contents	category:book-document	1	1.0
MODIFIER_PROFILE	modifier:variant:annotated-book	profile:book	1	1.0
MODIFIER_CATEGORY	modifier:variant:annotated-book	category:book-document	1	1.0
MODIFIER_PROFILE	modifier:variant:illuminated-book	profile:book	1	1.0
MODIFIER_CATEGORY	modifier:variant:illuminated-book	category:book-document	1	1.0
MODIFIER_PROFILE	modifier:variant:sealed-document	profile:book	1	1.0
MODIFIER_CATEGORY	modifier:variant:sealed-document	category:book-document	1	1.0
MODIFIER_PROFILE	modifier:variant:textile-material	profile:textile	1	1.0
MODIFIER_CATEGORY	modifier:variant:textile-material	category:clothing	1	1.0
MODIFIER_PROFILE	modifier:variant:travel-stained	profile:textile	1	1.0
MODIFIER_PROFILE	modifier:variant:travel-stained	profile:book	1	2.0
MODIFIER_PROFILE	modifier:variant:travel-stained	profile:pack-or-case	1	3.0
MODIFIER_PROFILE	modifier:variant:noble-crest	profile:textile	1	1.0
MODIFIER_PROFILE	modifier:variant:noble-crest	profile:armor	1	2.0
MODIFIER_PROFILE	modifier:variant:noble-crest	profile:shield	1	3.0
MODIFIER_PROFILE	modifier:variant:noble-crest	profile:pack-or-case	1	4.0
MODIFIER_PROFILE	modifier:variant:compact	profile:tool	1	1.0
MODIFIER_PROFILE	modifier:variant:compact	profile:utility-object	1	2.0
MODIFIER_PROFILE	modifier:variant:compact	profile:gear	1	3.0
MODIFIER_PROFILE	modifier:variant:collapsible	profile:tool	1	1.0
MODIFIER_PROFILE	modifier:variant:collapsible	profile:utility-object	1	2.0
MODIFIER_PROFILE	modifier:variant:collapsible	profile:gear	1	3.0
MODIFIER_PROFILE	modifier:variant:matched-set	profile:tool	1	1.0
MODIFIER_PROFILE	modifier:variant:matched-set	profile:instrument	1	2.0
MODIFIER_PROFILE	modifier:variant:intricately-carved	profile:art-object	1	1.0
MODIFIER_PROFILE	modifier:variant:intricately-carved	profile:holy-symbol	1	2.0
MODIFIER_PROFILE	modifier:variant:intricately-carved	profile:arcane-focus	1	3.0
MODIFIER_PROFILE	modifier:variant:intricately-carved	profile:druidic-focus	1	4.0
MODIFIER_PROFILE	modifier:variant:intricately-carved	profile:instrument	1	5.0
MODIFIER_PROFILE	modifier:variant:intricately-carved	profile:tool	1	6.0
MODIFIER_PROFILE	modifier:variant:intricately-carved	profile:relic	1	7.0
MODIFIER_PROFILE	modifier:variant:coded-markings	profile:book	1	1.0
MODIFIER_PROFILE	modifier:variant:coded-markings	profile:tool	1	2.0
MODIFIER_PROFILE	modifier:variant:coded-markings	profile:utility-object	1	3.0
MODIFIER_PROFILE	modifier:variant:coded-markings	profile:arcane-focus	1	4.0
MODIFIER_PROFILE	modifier:variant:consecrated	profile:holy-symbol	1	1.0
MODIFIER_PROFILE	modifier:variant:consecrated	profile:relic	1	2.0
MODIFIER_PROFILE	modifier:variant:consecrated	profile:book	1	3.0
MODIFIER_CATEGORY	modifier:variant:sealed-material	category:potion	1	1.0
MODIFIER_CATEGORY	modifier:variant:sealed-material	category:poison	1	2.0
MODIFIER_CATEGORY	modifier:variant:sealed-material	category:hazard-item	1	3.0
MODIFIER_CATEGORY	modifier:variant:sealed-material	category:trade-good	1	4.0
MODIFIER_CATEGORY	modifier:variant:sealed-material	category:survival-supply	1	5.0
MODIFIER_CATEGORY	modifier:variant:sealed-material	category:component-material	1	6.0
MODIFIER_CATEGORY	modifier:variant:wax-sealed-material	category:potion	1	1.0
MODIFIER_CATEGORY	modifier:variant:wax-sealed-material	category:poison	1	2.0
MODIFIER_CATEGORY	modifier:variant:wax-sealed-material	category:hazard-item	1	3.0
MODIFIER_CATEGORY	modifier:variant:wax-sealed-material	category:trade-good	1	4.0
MODIFIER_CATEGORY	modifier:variant:wax-sealed-material	category:component-material	1	5.0
MODIFIER_CATEGORY	modifier:variant:aged-material	category:trade-good	1	1.0
MODIFIER_CATEGORY	modifier:variant:dyed-material	category:trade-good	1	1.0
MODIFIER_CATEGORY	modifier:variant:dyed-material	category:survival-supply	1	2.0
MODIFIER_CATEGORY	modifier:variant:refined-material	category:trade-good	1	1.0
MODIFIER_CATEGORY	modifier:variant:refined-material	category:component-material	1	2.0
MODIFIER_CATEGORY	modifier:variant:unworked-material	category:trade-good	1	1.0
MODIFIER_CATEGORY	modifier:variant:polished-gem	category:gemstone	1	1.0
MODIFIER_CATEGORY	modifier:variant:faceted-gem	category:gemstone	1	1.0
MODIFIER_CATEGORY	modifier:variant:perfumed-material	category:trade-good	1	1.0
MODIFIER_CATEGORY	modifier:variant:perfumed-material	category:survival-supply	1	2.0
MODIFIER_CATEGORY	modifier:variant:perfumed-material	category:component-material	1	3.0
MODIFIER_CATEGORY	modifier:variant:spoiled-material	category:survival-supply	1	1.0
MODIFIER_CATEGORY	modifier:variant:spoiled-material	category:trade-good	1	2.0
THEME_CATEGORY	theme:armaments	Simple_Melee_Weapon	1	1.0
THEME_CATEGORY	theme:armaments	Martial_Melee_Weapon	1	2.0
THEME_CATEGORY	theme:armaments	Simple_Ranged_Weapon	1	3.0
THEME_CATEGORY	theme:armaments	Martial_Ranged_Weapon	1	4.0
THEME_CATEGORY	theme:armaments	Firearm	1	5.0
THEME_CATEGORY	theme:armaments	Light_Armor	1	6.0
THEME_CATEGORY	theme:armaments	Medium_Armor	1	7.0
THEME_CATEGORY	theme:armaments	Heavy_Armor	1	8.0
THEME_CATEGORY	theme:armaments	Shield	1	9.0
THEME_CATEGORY	theme:armaments	Ammunition	1	10.0
THEME_CATEGORY	theme:armaments	Hazard_Item	1	11.0
THEME_CATEGORY	theme:armaments	Siege_Gear	1	12.0
THEME_CATEGORY	theme:armaments	Restraint_Trap_Gear	1	13.0
THEME_CATEGORY	theme:relics	Holy_Symbol	1	14.0
THEME_CATEGORY	theme:relics	Art_Object	1	15.0
THEME_CATEGORY	theme:relics	Book_Document	1	16.0
THEME_CATEGORY	theme:relics	Gemstone	1	17.0
THEME_CATEGORY	theme:relics	Ritual_Item	1	18.0
THEME_CATEGORY	theme:arcana	Arcane_Focus	1	19.0
THEME_CATEGORY	theme:arcana	Druidic_Focus	1	20.0
THEME_CATEGORY	theme:arcana	Component_Material	1	21.0
THEME_CATEGORY	theme:arcana	Potion	1	22.0
THEME_CATEGORY	theme:arcana	Ritual_Item	1	23.0
THEME_CATEGORY	theme:survival	Camp_Gear	1	24.0
THEME_CATEGORY	theme:survival	Exploration_Gear	1	25.0
THEME_CATEGORY	theme:survival	Survival_Supply	1	26.0
THEME_CATEGORY	theme:survival	Light_Fire_Gear	1	27.0
THEME_CATEGORY	theme:survival	Equipment_Pack	1	28.0
THEME_CATEGORY	theme:survival	Clothing	1	29.0
THEME_CATEGORY	theme:craft	Tool	1	30.0
THEME_CATEGORY	theme:craft	Instrument	1	31.0
THEME_CATEGORY	theme:craft	Book_Document	1	32.0
THEME_CATEGORY	theme:craft	Utility_Gear	1	33.0
THEME_CATEGORY	theme:trade	Trade_Good	1	34.0
THEME_CATEGORY	theme:trade	Gemstone	1	35.0
THEME_CATEGORY	theme:trade	Art_Object	1	36.0
THEME_CATEGORY	theme:trade	Clothing	1	37.0
THEME_CATEGORY	theme:consumables	Potion	1	38.0
THEME_CATEGORY	theme:consumables	Poison	1	39.0
THEME_CATEGORY	theme:consumables	Hazard_Item	1	40.0
THEME_CATEGORY	theme:consumables	Survival_Supply	1	41.0
THEME_CATEGORY	theme:consumables	Light_Fire_Gear	1	42.0
THEME_CATEGORY	theme:consumables	Ritual_Item	1	43.0
THEME_CATEGORY	theme:travel	Mount_Gear	1	44.0
THEME_CATEGORY	theme:travel	Mount	1	45.0
THEME_CATEGORY	theme:travel	Vehicle_Land	1	46.0
THEME_CATEGORY	theme:travel	Vehicle_Water	1	47.0
THEME_CATEGORY	theme:travel	Vehicle_Air_Space	1	48.0
THEME_CATEGORY	theme:travel	Exploration_Gear	1	49.0
THEME_CATEGORY	theme:travel	Camp_Gear	1	50.0
THEME_CATEGORY	theme:travel	Survival_Supply	1	51.0
ITEM_CONTAINER	item:material:copper-ingot	container:sack	1	1.0	Canonical carrier item
ITEM_CONTAINER	item:material:copper-ingot	container:chest	1	2.0	Canonical carrier item
ITEM_CONTAINER	item:material:copper-ingot	container:crate	1	3.0	Canonical carrier item
ITEM_CONTAINER	item:material:silver-ingot	container:pouch	1	1.0	Canonical carrier item
ITEM_CONTAINER	item:material:silver-ingot	container:chest	1	2.0	Canonical carrier item
ITEM_CONTAINER	item:material:silver-ingot	container:crate	1	3.0	Canonical carrier item
ITEM_CONTAINER	item:material:gold-ingot	container:pouch	1	1.0	Canonical carrier item
ITEM_CONTAINER	item:material:gold-ingot	container:chest	1	2.0	Canonical carrier item
ITEM_CONTAINER	item:material:gold-ingot	container:crate	1	3.0	Canonical carrier item
ITEM_CONTAINER	item:material:platinum-ingot	container:pouch	1	1.0	Canonical carrier item
ITEM_CONTAINER	item:material:platinum-ingot	container:chest	1	2.0	Canonical carrier item
ITEM_CONTAINER	item:material:platinum-ingot	container:crate	1	3.0	Canonical carrier item
ITEM_CONTAINER	item:object:plain-statuette	container:pouch	1	1.0	Canonical carrier item
ITEM_CONTAINER	item:object:plain-statuette	container:chest	1	2.0	Canonical carrier item
ITEM_CONTAINER	item:object:plain-statuette	container:crate	1	3.0	Canonical carrier item
ITEM_CONTAINER	item:object:plain-goblet	container:pouch	1	1.0	Canonical carrier item
ITEM_CONTAINER	item:object:plain-goblet	container:chest	1	2.0	Canonical carrier item
ITEM_CONTAINER	item:object:plain-brooch	container:pocket	1	1.0	Canonical carrier item
ITEM_CONTAINER	item:object:plain-brooch	container:pouch	1	2.0	Canonical carrier item
ITEM_CONTAINER	item:object:plain-brooch	container:chest	1	3.0	Canonical carrier item
ITEM_CONTAINER	item:object:plain-tapestry	container:bundle	1	1.0	Canonical carrier item
ITEM_CONTAINER	item:object:plain-tapestry	container:chest	1	2.0	Canonical carrier item
ITEM_CONTAINER	item:object:plain-tapestry	container:crate	1	3.0	Canonical carrier item
ITEM_CONTAINER	item:object:plain-ceremonial-mask	container:pouch	1	1.0	Canonical carrier item
ITEM_CONTAINER	item:object:plain-ceremonial-mask	container:chest	1	2.0	Canonical carrier item
ITEM_CONTAINER	item:object:plain-ceremonial-mask	container:crate	1	3.0	Canonical carrier item
ITEM_CONTAINER	item:object:plain-jewelry-box	container:chest	1	1.0	Canonical carrier item
ITEM_CONTAINER	item:object:plain-jewelry-box	container:crate	1	2.0	Canonical carrier item
ITEM_CONTAINER	item:object:plain-painting	container:bundle	1	1.0	Canonical carrier item
ITEM_CONTAINER	item:object:plain-painting	container:chest	1	2.0	Canonical carrier item
ITEM_CONTAINER	item:object:plain-painting	container:crate	1	3.0	Canonical carrier item
ITEM_CONTAINER	item:material:acid-vial	container:vial	1	1.0
ITEM_CONTAINER	item:material:acid-vial	container:flask	1	2.0
ITEM_CONTAINER	item:material:acid-vial	container:glass-bottle	1	3.0
ITEM_CONTAINER	item:material:acid-vial	container:jug	1	4.0
ITEM_CONTAINER	item:material:ink-1-ounce-bottle	container:vial	1	1.0
ITEM_CONTAINER	item:material:ink-1-ounce-bottle	container:flask	1	2.0
ITEM_CONTAINER	item:material:ink-1-ounce-bottle	container:glass-bottle	1	3.0
ITEM_CONTAINER	item:material:ink-1-ounce-bottle	container:jug	1	4.0
ITEM_CONTAINER	item:material:oil	container:flask	1	1.0
ITEM_CONTAINER	item:material:oil	container:glass-bottle	1	2.0
ITEM_CONTAINER	item:material:oil	container:jug	1	3.0
ITEM_CONTAINER	item:material:oil	container:bucket	1	4.0
ITEM_CONTAINER	item:material:oil	container:keg	1	5.0
ITEM_CONTAINER	item:material:oil	container:barrel	1	6.0
ITEM_CONTAINER	item:material:perfume	container:vial	1	1.0
ITEM_CONTAINER	item:material:perfume	container:flask	1	2.0
ITEM_CONTAINER	item:material:perfume	container:glass-bottle	1	3.0
ITEM_CONTAINER	item:material:perfume	container:jug	1	4.0
ITEM_CONTAINER	item:material:tej	container:glass-bottle	1	1.0
ITEM_CONTAINER	item:material:tej	container:jug	1	2.0
ITEM_CONTAINER	item:material:tej	container:keg	1	3.0
ITEM_CONTAINER	item:material:tej	container:barrel	1	4.0
ITEM_CONTAINER	item:material:mercury-lb	container:vial	1	1.0
ITEM_CONTAINER	item:material:mercury-lb	container:flask	1	2.0
ITEM_CONTAINER	item:material:mercury-lb	container:glass-bottle	1	3.0
ITEM_CONTAINER	item:material:mercury-lb	container:jug	1	4.0
ITEM_CONTAINER	item:material:mercury-lb	container:keg	1	5.0
ITEM_CONTAINER	item:material:insect-repellent	container:vial	1	1.0
ITEM_CONTAINER	item:material:insect-repellent	container:flask	1	2.0
ITEM_CONTAINER	item:material:insect-repellent	container:glass-bottle	1	3.0
ITEM_CONTAINER	item:material:insect-repellent	container:jug	1	4.0
ITEM_CONTAINER	item:material:wine-pint	container:glass-bottle	1	1.0
ITEM_CONTAINER	item:material:wine-pint	container:jug	1	2.0
ITEM_CONTAINER	item:material:wine-pint	container:keg	1	3.0
ITEM_CONTAINER	item:material:wine-pint	container:barrel	1	4.0
ITEM_CONTAINER	item:material:ale-pint	container:glass-bottle	1	1.0
ITEM_CONTAINER	item:material:ale-pint	container:jug	1	2.0
ITEM_CONTAINER	item:material:ale-pint	container:keg	1	3.0
ITEM_CONTAINER	item:material:ale-pint	container:barrel	1	4.0
ITEM_CONTAINER	item:material:blasting-powder	container:sack	1	2.0	M3 parity migration from Allowed_Containers_Cache
ITEM_CONTAINER	item:material:little-bag-of-sand	container:sack	1	2.0	M3 parity migration from Allowed_Containers_Cache
ITEM_CONTAINER	item:material:little-bag-of-sand	container:crate	1	3.0	M3 parity migration from Allowed_Containers_Cache
ITEM_CONTAINER	item:material:pride-silk	container:sack	1	1.0	M3 parity migration from Allowed_Containers_Cache
ITEM_CONTAINER	item:material:pride-silk	container:cart	1	3.0	M3 parity migration from Allowed_Containers_Cache
ITEM_CONTAINER	item:material:gunpowder	container:sack	1	2.0	M3 parity migration from Allowed_Containers_Cache
ITEM_CONTAINER	item:material:research-wheat-grain-lb	container:pouch	1	1.0	M3 parity migration from Allowed_Containers_Cache
ITEM_CONTAINER	item:material:research-wheat-grain-lb	container:sack	1	2.0	M3 parity migration from Allowed_Containers_Cache
ITEM_CONTAINER	item:material:research-wheat-grain-lb	container:crate	1	3.0	M3 parity migration from Allowed_Containers_Cache
ITEM_CONTAINER	item:material:research-wheat-grain-lb	container:cart	1	4.0	M3 parity migration from Allowed_Containers_Cache
ITEM_CONTAINER	item:material:research-barley-grain-lb	container:pouch	1	1.0	M3 parity migration from Allowed_Containers_Cache
ITEM_CONTAINER	item:material:research-barley-grain-lb	container:sack	1	2.0	M3 parity migration from Allowed_Containers_Cache
ITEM_CONTAINER	item:material:research-barley-grain-lb	container:crate	1	3.0	M3 parity migration from Allowed_Containers_Cache
ITEM_CONTAINER	item:material:research-barley-grain-lb	container:cart	1	4.0	M3 parity migration from Allowed_Containers_Cache
ITEM_CONTAINER	item:material:research-rye-grain-lb	container:pouch	1	1.0	M3 parity migration from Allowed_Containers_Cache
ITEM_CONTAINER	item:material:research-rye-grain-lb	container:sack	1	2.0	M3 parity migration from Allowed_Containers_Cache
ITEM_CONTAINER	item:material:research-rye-grain-lb	container:crate	1	3.0	M3 parity migration from Allowed_Containers_Cache
ITEM_CONTAINER	item:material:research-rye-grain-lb	container:cart	1	4.0	M3 parity migration from Allowed_Containers_Cache
ITEM_CONTAINER	item:material:research-oats-lb	container:pouch	1	1.0	M3 parity migration from Allowed_Containers_Cache
ITEM_CONTAINER	item:material:research-oats-lb	container:sack	1	2.0	M3 parity migration from Allowed_Containers_Cache
ITEM_CONTAINER	item:material:research-oats-lb	container:crate	1	3.0	M3 parity migration from Allowed_Containers_Cache
ITEM_CONTAINER	item:material:research-oats-lb	container:cart	1	4.0	M3 parity migration from Allowed_Containers_Cache
ITEM_CONTAINER	item:material:research-rice-lb	container:pouch	1	1.0	M3 parity migration from Allowed_Containers_Cache
ITEM_CONTAINER	item:material:research-rice-lb	container:sack	1	2.0	M3 parity migration from Allowed_Containers_Cache
ITEM_CONTAINER	item:material:research-rice-lb	container:crate	1	3.0	M3 parity migration from Allowed_Containers_Cache
ITEM_CONTAINER	item:material:research-rice-lb	container:cart	1	4.0	M3 parity migration from Allowed_Containers_Cache
ITEM_CONTAINER	item:material:research-millet-lb	container:pouch	1	1.0	M3 parity migration from Allowed_Containers_Cache
ITEM_CONTAINER	item:material:research-millet-lb	container:sack	1	2.0	M3 parity migration from Allowed_Containers_Cache
ITEM_CONTAINER	item:material:research-millet-lb	container:crate	1	3.0	M3 parity migration from Allowed_Containers_Cache
ITEM_CONTAINER	item:material:research-millet-lb	container:cart	1	4.0	M3 parity migration from Allowed_Containers_Cache
ITEM_CONTAINER	item:material:research-buckwheat-lb	container:pouch	1	1.0	M3 parity migration from Allowed_Containers_Cache
ITEM_CONTAINER	item:material:research-buckwheat-lb	container:sack	1	2.0	M3 parity migration from Allowed_Containers_Cache
ITEM_CONTAINER	item:material:research-buckwheat-lb	container:crate	1	3.0	M3 parity migration from Allowed_Containers_Cache
ITEM_CONTAINER	item:material:research-buckwheat-lb	container:cart	1	4.0	M3 parity migration from Allowed_Containers_Cache
ITEM_CONTAINER	item:material:research-lentils-lb	container:pouch	1	1.0	M3 parity migration from Allowed_Containers_Cache
ITEM_CONTAINER	item:material:research-lentils-lb	container:sack	1	2.0	M3 parity migration from Allowed_Containers_Cache
ITEM_CONTAINER	item:material:research-lentils-lb	container:crate	1	3.0	M3 parity migration from Allowed_Containers_Cache
ITEM_CONTAINER	item:material:research-lentils-lb	container:cart	1	4.0	M3 parity migration from Allowed_Containers_Cache
ITEM_CONTAINER	item:material:research-dried-peas-lb	container:pouch	1	1.0	M3 parity migration from Allowed_Containers_Cache
ITEM_CONTAINER	item:material:research-dried-peas-lb	container:sack	1	2.0	M3 parity migration from Allowed_Containers_Cache
ITEM_CONTAINER	item:material:research-dried-peas-lb	container:crate	1	3.0	M3 parity migration from Allowed_Containers_Cache
ITEM_CONTAINER	item:material:research-dried-peas-lb	container:cart	1	4.0	M3 parity migration from Allowed_Containers_Cache
ITEM_CONTAINER	item:material:research-chickpeas-lb	container:pouch	1	1.0	M3 parity migration from Allowed_Containers_Cache
ITEM_CONTAINER	item:material:research-chickpeas-lb	container:sack	1	2.0	M3 parity migration from Allowed_Containers_Cache
ITEM_CONTAINER	item:material:research-chickpeas-lb	container:crate	1	3.0	M3 parity migration from Allowed_Containers_Cache
ITEM_CONTAINER	item:material:research-chickpeas-lb	container:cart	1	4.0	M3 parity migration from Allowed_Containers_Cache
ITEM_CONTAINER	item:material:research-milled-flour-lb	container:pouch	1	1.0	M3 parity migration from Allowed_Containers_Cache
ITEM_CONTAINER	item:material:research-milled-flour-lb	container:sack	1	2.0	M3 parity migration from Allowed_Containers_Cache
ITEM_CONTAINER	item:material:research-milled-flour-lb	container:crate	1	3.0	M3 parity migration from Allowed_Containers_Cache
ITEM_CONTAINER	item:material:research-milled-flour-lb	container:cart	1	4.0	M3 parity migration from Allowed_Containers_Cache
ITEM_CONTAINER	item:material:research-sea-salt-lb	container:pouch	1	1.0	M3 parity migration from Allowed_Containers_Cache
ITEM_CONTAINER	item:material:research-sea-salt-lb	container:sack	1	2.0	M3 parity migration from Allowed_Containers_Cache
ITEM_CONTAINER	item:material:research-sea-salt-lb	container:crate	1	3.0	M3 parity migration from Allowed_Containers_Cache
ITEM_CONTAINER	item:material:research-sea-salt-lb	container:cart	1	4.0	M3 parity migration from Allowed_Containers_Cache
ITEM_CONTAINER	item:material:research-raw-cane-sugar-lb	container:pouch	1	1.0	M3 parity migration from Allowed_Containers_Cache
ITEM_CONTAINER	item:material:research-raw-cane-sugar-lb	container:sack	1	2.0	M3 parity migration from Allowed_Containers_Cache
ITEM_CONTAINER	item:material:research-raw-cane-sugar-lb	container:crate	1	3.0	M3 parity migration from Allowed_Containers_Cache
ITEM_CONTAINER	item:material:research-raw-cane-sugar-lb	container:cart	1	4.0	M3 parity migration from Allowed_Containers_Cache
ITEM_CONTAINER	item:material:research-dried-orchard-fruit-lb	container:pouch	1	1.0	M3 parity migration from Allowed_Containers_Cache
ITEM_CONTAINER	item:material:research-dried-orchard-fruit-lb	container:sack	1	2.0	M3 parity migration from Allowed_Containers_Cache
ITEM_CONTAINER	item:material:research-dried-orchard-fruit-lb	container:crate	1	3.0	M3 parity migration from Allowed_Containers_Cache
ITEM_CONTAINER	item:material:research-dried-orchard-fruit-lb	container:cart	1	4.0	M3 parity migration from Allowed_Containers_Cache
ITEM_CONTAINER	item:material:research-almonds-lb	container:pouch	1	1.0	M3 parity migration from Allowed_Containers_Cache
ITEM_CONTAINER	item:material:research-almonds-lb	container:sack	1	2.0	M3 parity migration from Allowed_Containers_Cache
ITEM_CONTAINER	item:material:research-almonds-lb	container:crate	1	3.0	M3 parity migration from Allowed_Containers_Cache
ITEM_CONTAINER	item:material:research-almonds-lb	container:cart	1	4.0	M3 parity migration from Allowed_Containers_Cache
ITEM_CONTAINER	item:material:research-walnuts-lb	container:pouch	1	1.0	M3 parity migration from Allowed_Containers_Cache
ITEM_CONTAINER	item:material:research-walnuts-lb	container:sack	1	2.0	M3 parity migration from Allowed_Containers_Cache
ITEM_CONTAINER	item:material:research-walnuts-lb	container:crate	1	3.0	M3 parity migration from Allowed_Containers_Cache
ITEM_CONTAINER	item:material:research-walnuts-lb	container:cart	1	4.0	M3 parity migration from Allowed_Containers_Cache
ITEM_CONTAINER	item:material:research-aged-hard-cheese-lb	container:pouch	1	1.0	M3 parity migration from Allowed_Containers_Cache
ITEM_CONTAINER	item:material:research-aged-hard-cheese-lb	container:sack	1	2.0	M3 parity migration from Allowed_Containers_Cache
ITEM_CONTAINER	item:material:research-aged-hard-cheese-lb	container:crate	1	3.0	M3 parity migration from Allowed_Containers_Cache
ITEM_CONTAINER	item:material:research-aged-hard-cheese-lb	container:cart	1	4.0	M3 parity migration from Allowed_Containers_Cache
ITEM_CONTAINER	item:material:research-salted-fish-lb	container:pouch	1	1.0	M3 parity migration from Allowed_Containers_Cache
ITEM_CONTAINER	item:material:research-salted-fish-lb	container:sack	1	2.0	M3 parity migration from Allowed_Containers_Cache
ITEM_CONTAINER	item:material:research-salted-fish-lb	container:crate	1	3.0	M3 parity migration from Allowed_Containers_Cache
ITEM_CONTAINER	item:material:research-salted-fish-lb	container:cart	1	4.0	M3 parity migration from Allowed_Containers_Cache
ITEM_CONTAINER	item:material:research-smoked-beef-lb	container:pouch	1	1.0	M3 parity migration from Allowed_Containers_Cache
ITEM_CONTAINER	item:material:research-smoked-beef-lb	container:sack	1	2.0	M3 parity migration from Allowed_Containers_Cache
ITEM_CONTAINER	item:material:research-smoked-beef-lb	container:crate	1	3.0	M3 parity migration from Allowed_Containers_Cache
ITEM_CONTAINER	item:material:research-smoked-beef-lb	container:cart	1	4.0	M3 parity migration from Allowed_Containers_Cache
ITEM_CONTAINER	item:material:research-cured-pork-lb	container:pouch	1	1.0	M3 parity migration from Allowed_Containers_Cache
ITEM_CONTAINER	item:material:research-cured-pork-lb	container:sack	1	2.0	M3 parity migration from Allowed_Containers_Cache
ITEM_CONTAINER	item:material:research-cured-pork-lb	container:crate	1	3.0	M3 parity migration from Allowed_Containers_Cache
ITEM_CONTAINER	item:material:research-cured-pork-lb	container:cart	1	4.0	M3 parity migration from Allowed_Containers_Cache
ITEM_CONTAINER	item:material:research-olive-oil-pint	container:glass-bottle	1	1.0	M3 parity migration from Allowed_Containers_Cache
ITEM_CONTAINER	item:material:research-olive-oil-pint	container:jug	1	2.0	M3 parity migration from Allowed_Containers_Cache
ITEM_CONTAINER	item:material:research-olive-oil-pint	container:keg	1	3.0	M3 parity migration from Allowed_Containers_Cache
ITEM_CONTAINER	item:material:research-olive-oil-pint	container:barrel	1	4.0	M3 parity migration from Allowed_Containers_Cache
ITEM_CONTAINER	item:material:research-sesame-oil-pint	container:glass-bottle	1	1.0	M3 parity migration from Allowed_Containers_Cache
ITEM_CONTAINER	item:material:research-sesame-oil-pint	container:jug	1	2.0	M3 parity migration from Allowed_Containers_Cache
ITEM_CONTAINER	item:material:research-sesame-oil-pint	container:keg	1	3.0	M3 parity migration from Allowed_Containers_Cache
ITEM_CONTAINER	item:material:research-sesame-oil-pint	container:barrel	1	4.0	M3 parity migration from Allowed_Containers_Cache
ITEM_CONTAINER	item:material:research-wine-vinegar-pint	container:glass-bottle	1	1.0	M3 parity migration from Allowed_Containers_Cache
ITEM_CONTAINER	item:material:research-wine-vinegar-pint	container:jug	1	2.0	M3 parity migration from Allowed_Containers_Cache
ITEM_CONTAINER	item:material:research-wine-vinegar-pint	container:keg	1	3.0	M3 parity migration from Allowed_Containers_Cache
ITEM_CONTAINER	item:material:research-wine-vinegar-pint	container:barrel	1	4.0	M3 parity migration from Allowed_Containers_Cache
ITEM_CONTAINER	item:material:research-wildflower-honey-lb	container:pouch	1	1.0	M3 parity migration from Allowed_Containers_Cache
ITEM_CONTAINER	item:material:research-wildflower-honey-lb	container:sack	1	2.0	M3 parity migration from Allowed_Containers_Cache
ITEM_CONTAINER	item:material:research-wildflower-honey-lb	container:crate	1	3.0	M3 parity migration from Allowed_Containers_Cache
ITEM_CONTAINER	item:material:research-wildflower-honey-lb	container:cart	1	4.0	M3 parity migration from Allowed_Containers_Cache
ITEM_CONTAINER	item:material:research-rendered-tallow-lb	container:pouch	1	1.0	M3 parity migration from Allowed_Containers_Cache
ITEM_CONTAINER	item:material:research-rendered-tallow-lb	container:sack	1	2.0	M3 parity migration from Allowed_Containers_Cache
ITEM_CONTAINER	item:material:research-rendered-tallow-lb	container:crate	1	3.0	M3 parity migration from Allowed_Containers_Cache
ITEM_CONTAINER	item:material:research-rendered-tallow-lb	container:cart	1	4.0	M3 parity migration from Allowed_Containers_Cache
ITEM_CONTAINER	item:material:research-pine-resin-lb	container:pouch	1	1.0	M3 parity migration from Allowed_Containers_Cache
ITEM_CONTAINER	item:material:research-pine-resin-lb	container:sack	1	2.0	M3 parity migration from Allowed_Containers_Cache
ITEM_CONTAINER	item:material:research-pine-resin-lb	container:crate	1	3.0	M3 parity migration from Allowed_Containers_Cache
ITEM_CONTAINER	item:material:research-pine-resin-lb	container:cart	1	4.0	M3 parity migration from Allowed_Containers_Cache
ITEM_CONTAINER	item:material:research-scented-olive-soap-lb	container:pouch	1	1.0	M3 parity migration from Allowed_Containers_Cache
ITEM_CONTAINER	item:material:research-scented-olive-soap-lb	container:sack	1	2.0	M3 parity migration from Allowed_Containers_Cache
ITEM_CONTAINER	item:material:research-scented-olive-soap-lb	container:crate	1	3.0	M3 parity migration from Allowed_Containers_Cache
ITEM_CONTAINER	item:material:research-scented-olive-soap-lb	container:cart	1	4.0	M3 parity migration from Allowed_Containers_Cache
ITEM_CONTAINER	item:material:research-hardwood-charcoal-lb	container:pouch	1	1.0	M3 parity migration from Allowed_Containers_Cache
ITEM_CONTAINER	item:material:research-hardwood-charcoal-lb	container:sack	1	2.0	M3 parity migration from Allowed_Containers_Cache
ITEM_CONTAINER	item:material:research-hardwood-charcoal-lb	container:crate	1	3.0	M3 parity migration from Allowed_Containers_Cache
ITEM_CONTAINER	item:material:research-hardwood-charcoal-lb	container:cart	1	4.0	M3 parity migration from Allowed_Containers_Cache
ITEM_CONTAINER	item:material:research-bituminous-coal-lb	container:pouch	1	1.0	M3 parity migration from Allowed_Containers_Cache
ITEM_CONTAINER	item:material:research-bituminous-coal-lb	container:sack	1	2.0	M3 parity migration from Allowed_Containers_Cache
ITEM_CONTAINER	item:material:research-bituminous-coal-lb	container:crate	1	3.0	M3 parity migration from Allowed_Containers_Cache
ITEM_CONTAINER	item:material:research-bituminous-coal-lb	container:cart	1	4.0	M3 parity migration from Allowed_Containers_Cache
ITEM_CONTAINER	item:material:research-white-chalk-lb	container:pouch	1	1.0	M3 parity migration from Allowed_Containers_Cache
ITEM_CONTAINER	item:material:research-white-chalk-lb	container:sack	1	2.0	M3 parity migration from Allowed_Containers_Cache
ITEM_CONTAINER	item:material:research-white-chalk-lb	container:crate	1	3.0	M3 parity migration from Allowed_Containers_Cache
ITEM_CONTAINER	item:material:research-white-chalk-lb	container:cart	1	4.0	M3 parity migration from Allowed_Containers_Cache
ITEM_CONTAINER	item:material:research-potter-s-clay-lb	container:pouch	1	1.0	M3 parity migration from Allowed_Containers_Cache
ITEM_CONTAINER	item:material:research-potter-s-clay-lb	container:sack	1	2.0	M3 parity migration from Allowed_Containers_Cache
ITEM_CONTAINER	item:material:research-potter-s-clay-lb	container:crate	1	3.0	M3 parity migration from Allowed_Containers_Cache
ITEM_CONTAINER	item:material:research-potter-s-clay-lb	container:cart	1	4.0	M3 parity migration from Allowed_Containers_Cache
ITEM_CONTAINER	item:material:research-dressed-building-stone-lb	container:pouch	1	1.0	M3 parity migration from Allowed_Containers_Cache
ITEM_CONTAINER	item:material:research-dressed-building-stone-lb	container:sack	1	2.0	M3 parity migration from Allowed_Containers_Cache
ITEM_CONTAINER	item:material:research-dressed-building-stone-lb	container:crate	1	3.0	M3 parity migration from Allowed_Containers_Cache
ITEM_CONTAINER	item:material:research-dressed-building-stone-lb	container:cart	1	4.0	M3 parity migration from Allowed_Containers_Cache
ITEM_CONTAINER	item:material:research-forged-iron-nails-lb	container:pouch	1	1.0	M3 parity migration from Allowed_Containers_Cache
ITEM_CONTAINER	item:material:research-forged-iron-nails-lb	container:sack	1	2.0	M3 parity migration from Allowed_Containers_Cache
ITEM_CONTAINER	item:material:research-forged-iron-nails-lb	container:crate	1	3.0	M3 parity migration from Allowed_Containers_Cache
ITEM_CONTAINER	item:material:research-forged-iron-nails-lb	container:cart	1	4.0	M3 parity migration from Allowed_Containers_Cache
ITEM_CONTAINER	item:material:research-tin-lb	container:pouch	1	1.0	M3 parity migration from Allowed_Containers_Cache
ITEM_CONTAINER	item:material:research-tin-lb	container:sack	1	2.0	M3 parity migration from Allowed_Containers_Cache
ITEM_CONTAINER	item:material:research-tin-lb	container:crate	1	3.0	M3 parity migration from Allowed_Containers_Cache
ITEM_CONTAINER	item:material:research-tin-lb	container:cart	1	4.0	M3 parity migration from Allowed_Containers_Cache
ITEM_CONTAINER	item:material:research-lead-lb	container:pouch	1	1.0	M3 parity migration from Allowed_Containers_Cache
ITEM_CONTAINER	item:material:research-lead-lb	container:sack	1	2.0	M3 parity migration from Allowed_Containers_Cache
ITEM_CONTAINER	item:material:research-lead-lb	container:crate	1	3.0	M3 parity migration from Allowed_Containers_Cache
ITEM_CONTAINER	item:material:research-lead-lb	container:cart	1	4.0	M3 parity migration from Allowed_Containers_Cache
ITEM_CONTAINER	item:material:research-bronze-lb	container:pouch	1	1.0	M3 parity migration from Allowed_Containers_Cache
ITEM_CONTAINER	item:material:research-bronze-lb	container:sack	1	2.0	M3 parity migration from Allowed_Containers_Cache
ITEM_CONTAINER	item:material:research-bronze-lb	container:crate	1	3.0	M3 parity migration from Allowed_Containers_Cache
ITEM_CONTAINER	item:material:research-bronze-lb	container:cart	1	4.0	M3 parity migration from Allowed_Containers_Cache
ITEM_CONTAINER	item:material:research-pewter-lb	container:pouch	1	1.0	M3 parity migration from Allowed_Containers_Cache
ITEM_CONTAINER	item:material:research-pewter-lb	container:sack	1	2.0	M3 parity migration from Allowed_Containers_Cache
ITEM_CONTAINER	item:material:research-pewter-lb	container:crate	1	3.0	M3 parity migration from Allowed_Containers_Cache
ITEM_CONTAINER	item:material:research-pewter-lb	container:cart	1	4.0	M3 parity migration from Allowed_Containers_Cache
ITEM_CONTAINER	item:material:research-brass-lb	container:pouch	1	1.0	M3 parity migration from Allowed_Containers_Cache
ITEM_CONTAINER	item:material:research-brass-lb	container:sack	1	2.0	M3 parity migration from Allowed_Containers_Cache
ITEM_CONTAINER	item:material:research-brass-lb	container:crate	1	3.0	M3 parity migration from Allowed_Containers_Cache
ITEM_CONTAINER	item:material:research-brass-lb	container:cart	1	4.0	M3 parity migration from Allowed_Containers_Cache
ITEM_CONTAINER	item:material:research-hemp-fiber-lb	container:pouch	1	1.0	M3 parity migration from Allowed_Containers_Cache
ITEM_CONTAINER	item:material:research-hemp-fiber-lb	container:sack	1	2.0	M3 parity migration from Allowed_Containers_Cache
ITEM_CONTAINER	item:material:research-hemp-fiber-lb	container:crate	1	3.0	M3 parity migration from Allowed_Containers_Cache
ITEM_CONTAINER	item:material:research-hemp-fiber-lb	container:cart	1	4.0	M3 parity migration from Allowed_Containers_Cache
ITEM_CONTAINER	item:material:research-flax-fiber-lb	container:pouch	1	1.0	M3 parity migration from Allowed_Containers_Cache
ITEM_CONTAINER	item:material:research-flax-fiber-lb	container:sack	1	2.0	M3 parity migration from Allowed_Containers_Cache
ITEM_CONTAINER	item:material:research-flax-fiber-lb	container:crate	1	3.0	M3 parity migration from Allowed_Containers_Cache
ITEM_CONTAINER	item:material:research-flax-fiber-lb	container:cart	1	4.0	M3 parity migration from Allowed_Containers_Cache
ITEM_CONTAINER	item:material:research-burlap-lb-sq-yd	container:bundle	1	1.0	M3 parity migration from Allowed_Containers_Cache
ITEM_CONTAINER	item:material:research-burlap-lb-sq-yd	container:sack	1	2.0	M3 parity migration from Allowed_Containers_Cache
ITEM_CONTAINER	item:material:research-burlap-lb-sq-yd	container:crate	1	3.0	M3 parity migration from Allowed_Containers_Cache
ITEM_CONTAINER	item:material:research-burlap-lb-sq-yd	container:cart	1	4.0	M3 parity migration from Allowed_Containers_Cache
ITEM_CONTAINER	item:material:research-wool-broadcloth-lb-sq-yd	container:bundle	1	1.0	M3 parity migration from Allowed_Containers_Cache
ITEM_CONTAINER	item:material:research-wool-broadcloth-lb-sq-yd	container:sack	1	2.0	M3 parity migration from Allowed_Containers_Cache
ITEM_CONTAINER	item:material:research-wool-broadcloth-lb-sq-yd	container:crate	1	3.0	M3 parity migration from Allowed_Containers_Cache
ITEM_CONTAINER	item:material:research-wool-broadcloth-lb-sq-yd	container:cart	1	4.0	M3 parity migration from Allowed_Containers_Cache
ITEM_CONTAINER	item:material:research-dyed-wool-cloth-lb-sq-yd	container:bundle	1	1.0	M3 parity migration from Allowed_Containers_Cache
ITEM_CONTAINER	item:material:research-dyed-wool-cloth-lb-sq-yd	container:sack	1	2.0	M3 parity migration from Allowed_Containers_Cache
ITEM_CONTAINER	item:material:research-dyed-wool-cloth-lb-sq-yd	container:crate	1	3.0	M3 parity migration from Allowed_Containers_Cache
ITEM_CONTAINER	item:material:research-dyed-wool-cloth-lb-sq-yd	container:cart	1	4.0	M3 parity migration from Allowed_Containers_Cache
ITEM_CONTAINER	item:material:research-fine-muslin-lb-sq-yd	container:bundle	1	1.0	M3 parity migration from Allowed_Containers_Cache
ITEM_CONTAINER	item:material:research-fine-muslin-lb-sq-yd	container:sack	1	2.0	M3 parity migration from Allowed_Containers_Cache
ITEM_CONTAINER	item:material:research-fine-muslin-lb-sq-yd	container:crate	1	3.0	M3 parity migration from Allowed_Containers_Cache
ITEM_CONTAINER	item:material:research-fine-muslin-lb-sq-yd	container:cart	1	4.0	M3 parity migration from Allowed_Containers_Cache
ITEM_CONTAINER	item:material:research-velvet-lb-sq-yd	container:bundle	1	1.0	M3 parity migration from Allowed_Containers_Cache
ITEM_CONTAINER	item:material:research-velvet-lb-sq-yd	container:sack	1	2.0	M3 parity migration from Allowed_Containers_Cache
ITEM_CONTAINER	item:material:research-velvet-lb-sq-yd	container:crate	1	3.0	M3 parity migration from Allowed_Containers_Cache
ITEM_CONTAINER	item:material:research-velvet-lb-sq-yd	container:cart	1	4.0	M3 parity migration from Allowed_Containers_Cache
ITEM_CONTAINER	item:material:research-gold-thread-brocade-lb-sq-yd	container:bundle	1	1.0	M3 parity migration from Allowed_Containers_Cache
ITEM_CONTAINER	item:material:research-gold-thread-brocade-lb-sq-yd	container:sack	1	2.0	M3 parity migration from Allowed_Containers_Cache
ITEM_CONTAINER	item:material:research-gold-thread-brocade-lb-sq-yd	container:crate	1	3.0	M3 parity migration from Allowed_Containers_Cache
ITEM_CONTAINER	item:material:research-gold-thread-brocade-lb-sq-yd	container:cart	1	4.0	M3 parity migration from Allowed_Containers_Cache
ITEM_CONTAINER	item:material:research-samite-lb-sq-yd	container:bundle	1	1.0	M3 parity migration from Allowed_Containers_Cache
ITEM_CONTAINER	item:material:research-samite-lb-sq-yd	container:sack	1	2.0	M3 parity migration from Allowed_Containers_Cache
ITEM_CONTAINER	item:material:research-samite-lb-sq-yd	container:crate	1	3.0	M3 parity migration from Allowed_Containers_Cache
ITEM_CONTAINER	item:material:research-samite-lb-sq-yd	container:cart	1	4.0	M3 parity migration from Allowed_Containers_Cache
ITEM_CONTAINER	item:material:research-damask-silk-lb-sq-yd	container:bundle	1	1.0	M3 parity migration from Allowed_Containers_Cache
ITEM_CONTAINER	item:material:research-damask-silk-lb-sq-yd	container:sack	1	2.0	M3 parity migration from Allowed_Containers_Cache
ITEM_CONTAINER	item:material:research-damask-silk-lb-sq-yd	container:crate	1	3.0	M3 parity migration from Allowed_Containers_Cache
ITEM_CONTAINER	item:material:research-damask-silk-lb-sq-yd	container:cart	1	4.0	M3 parity migration from Allowed_Containers_Cache
ITEM_CONTAINER	item:material:research-black-pepper-lb	container:pouch	1	1.0	M3 parity migration from Allowed_Containers_Cache
ITEM_CONTAINER	item:material:research-black-pepper-lb	container:sack	1	2.0	M3 parity migration from Allowed_Containers_Cache
ITEM_CONTAINER	item:material:research-black-pepper-lb	container:crate	1	3.0	M3 parity migration from Allowed_Containers_Cache
ITEM_CONTAINER	item:material:research-black-pepper-lb	container:cart	1	4.0	M3 parity migration from Allowed_Containers_Cache
ITEM_CONTAINER	item:material:research-cinnamon-lb	container:pouch	1	1.0	M3 parity migration from Allowed_Containers_Cache
ITEM_CONTAINER	item:material:research-cinnamon-lb	container:sack	1	2.0	M3 parity migration from Allowed_Containers_Cache
ITEM_CONTAINER	item:material:research-cinnamon-lb	container:crate	1	3.0	M3 parity migration from Allowed_Containers_Cache
ITEM_CONTAINER	item:material:research-cinnamon-lb	container:cart	1	4.0	M3 parity migration from Allowed_Containers_Cache
ITEM_CONTAINER	item:material:research-cloves-lb	container:pouch	1	1.0	M3 parity migration from Allowed_Containers_Cache
ITEM_CONTAINER	item:material:research-cloves-lb	container:sack	1	2.0	M3 parity migration from Allowed_Containers_Cache
ITEM_CONTAINER	item:material:research-cloves-lb	container:crate	1	3.0	M3 parity migration from Allowed_Containers_Cache
ITEM_CONTAINER	item:material:research-cloves-lb	container:cart	1	4.0	M3 parity migration from Allowed_Containers_Cache
ITEM_CONTAINER	item:material:research-ginger-root-lb	container:pouch	1	1.0	M3 parity migration from Allowed_Containers_Cache
ITEM_CONTAINER	item:material:research-ginger-root-lb	container:sack	1	2.0	M3 parity migration from Allowed_Containers_Cache
ITEM_CONTAINER	item:material:research-ginger-root-lb	container:crate	1	3.0	M3 parity migration from Allowed_Containers_Cache
ITEM_CONTAINER	item:material:research-ginger-root-lb	container:cart	1	4.0	M3 parity migration from Allowed_Containers_Cache
ITEM_CONTAINER	item:material:research-nutmeg-lb	container:pouch	1	1.0	M3 parity migration from Allowed_Containers_Cache
ITEM_CONTAINER	item:material:research-nutmeg-lb	container:sack	1	2.0	M3 parity migration from Allowed_Containers_Cache
ITEM_CONTAINER	item:material:research-nutmeg-lb	container:crate	1	3.0	M3 parity migration from Allowed_Containers_Cache
ITEM_CONTAINER	item:material:research-nutmeg-lb	container:cart	1	4.0	M3 parity migration from Allowed_Containers_Cache
ITEM_CONTAINER	item:material:research-saffron-lb	container:pouch	1	1.0	M3 parity migration from Allowed_Containers_Cache
ITEM_CONTAINER	item:material:research-saffron-lb	container:sack	1	2.0	M3 parity migration from Allowed_Containers_Cache
ITEM_CONTAINER	item:material:research-saffron-lb	container:crate	1	3.0	M3 parity migration from Allowed_Containers_Cache
ITEM_CONTAINER	item:material:research-saffron-lb	container:cart	1	4.0	M3 parity migration from Allowed_Containers_Cache
ITEM_CONTAINER	item:material:research-cardamom-lb	container:pouch	1	1.0	M3 parity migration from Allowed_Containers_Cache
ITEM_CONTAINER	item:material:research-cardamom-lb	container:sack	1	2.0	M3 parity migration from Allowed_Containers_Cache
ITEM_CONTAINER	item:material:research-cardamom-lb	container:crate	1	3.0	M3 parity migration from Allowed_Containers_Cache
ITEM_CONTAINER	item:material:research-cardamom-lb	container:cart	1	4.0	M3 parity migration from Allowed_Containers_Cache
ITEM_CONTAINER	item:material:research-cumin-lb	container:pouch	1	1.0	M3 parity migration from Allowed_Containers_Cache
ITEM_CONTAINER	item:material:research-cumin-lb	container:sack	1	2.0	M3 parity migration from Allowed_Containers_Cache
ITEM_CONTAINER	item:material:research-cumin-lb	container:crate	1	3.0	M3 parity migration from Allowed_Containers_Cache
ITEM_CONTAINER	item:material:research-cumin-lb	container:cart	1	4.0	M3 parity migration from Allowed_Containers_Cache
ITEM_CONTAINER	item:material:research-indigo-dye-lb	container:pouch	1	1.0	M3 parity migration from Allowed_Containers_Cache
ITEM_CONTAINER	item:material:research-indigo-dye-lb	container:sack	1	2.0	M3 parity migration from Allowed_Containers_Cache
ITEM_CONTAINER	item:material:research-indigo-dye-lb	container:crate	1	3.0	M3 parity migration from Allowed_Containers_Cache
ITEM_CONTAINER	item:material:research-indigo-dye-lb	container:cart	1	4.0	M3 parity migration from Allowed_Containers_Cache
ITEM_CONTAINER	item:material:research-cochineal-dye-lb	container:pouch	1	1.0	M3 parity migration from Allowed_Containers_Cache
ITEM_CONTAINER	item:material:research-cochineal-dye-lb	container:sack	1	2.0	M3 parity migration from Allowed_Containers_Cache
ITEM_CONTAINER	item:material:research-cochineal-dye-lb	container:crate	1	3.0	M3 parity migration from Allowed_Containers_Cache
ITEM_CONTAINER	item:material:research-cochineal-dye-lb	container:cart	1	4.0	M3 parity migration from Allowed_Containers_Cache
ITEM_CONTAINER	item:material:research-frankincense-lb	container:pouch	1	1.0	M3 parity migration from Allowed_Containers_Cache
ITEM_CONTAINER	item:material:research-frankincense-lb	container:sack	1	2.0	M3 parity migration from Allowed_Containers_Cache
ITEM_CONTAINER	item:material:research-frankincense-lb	container:crate	1	3.0	M3 parity migration from Allowed_Containers_Cache
ITEM_CONTAINER	item:material:research-frankincense-lb	container:cart	1	4.0	M3 parity migration from Allowed_Containers_Cache
ITEM_CONTAINER	item:material:research-myrrh-lb	container:pouch	1	1.0	M3 parity migration from Allowed_Containers_Cache
ITEM_CONTAINER	item:material:research-myrrh-lb	container:sack	1	2.0	M3 parity migration from Allowed_Containers_Cache
ITEM_CONTAINER	item:material:research-myrrh-lb	container:crate	1	3.0	M3 parity migration from Allowed_Containers_Cache
ITEM_CONTAINER	item:material:research-myrrh-lb	container:cart	1	4.0	M3 parity migration from Allowed_Containers_Cache
ITEM_CONTAINER	item:object:research-common-tunic	container:bundle	1	1.0	M3 parity migration from Allowed_Containers_Cache
ITEM_CONTAINER	item:object:research-common-tunic	container:sack	1	2.0	M3 parity migration from Allowed_Containers_Cache
ITEM_CONTAINER	item:object:research-common-tunic	container:chest	1	3.0	M3 parity migration from Allowed_Containers_Cache
ITEM_CONTAINER	item:object:research-common-tunic	container:crate	1	4.0	M3 parity migration from Allowed_Containers_Cache
ITEM_CONTAINER	item:object:research-linen-shirt	container:pouch	1	1.0	M3 parity migration from Allowed_Containers_Cache
ITEM_CONTAINER	item:object:research-linen-shirt	container:bundle	1	2.0	M3 parity migration from Allowed_Containers_Cache
ITEM_CONTAINER	item:object:research-linen-shirt	container:chest	1	3.0	M3 parity migration from Allowed_Containers_Cache
ITEM_CONTAINER	item:object:research-wool-trousers	container:bundle	1	1.0	M3 parity migration from Allowed_Containers_Cache
ITEM_CONTAINER	item:object:research-wool-trousers	container:sack	1	2.0	M3 parity migration from Allowed_Containers_Cache
ITEM_CONTAINER	item:object:research-wool-trousers	container:chest	1	3.0	M3 parity migration from Allowed_Containers_Cache
ITEM_CONTAINER	item:object:research-wool-trousers	container:crate	1	4.0	M3 parity migration from Allowed_Containers_Cache
ITEM_CONTAINER	item:object:research-work-apron	container:pouch	1	1.0	M3 parity migration from Allowed_Containers_Cache
ITEM_CONTAINER	item:object:research-work-apron	container:bundle	1	2.0	M3 parity migration from Allowed_Containers_Cache
ITEM_CONTAINER	item:object:research-work-apron	container:chest	1	3.0	M3 parity migration from Allowed_Containers_Cache
ITEM_CONTAINER	item:object:research-leather-jerkin	container:bundle	1	1.0	M3 parity migration from Allowed_Containers_Cache
ITEM_CONTAINER	item:object:research-leather-jerkin	container:sack	1	2.0	M3 parity migration from Allowed_Containers_Cache
ITEM_CONTAINER	item:object:research-leather-jerkin	container:chest	1	3.0	M3 parity migration from Allowed_Containers_Cache
ITEM_CONTAINER	item:object:research-leather-jerkin	container:crate	1	4.0	M3 parity migration from Allowed_Containers_Cache
ITEM_CONTAINER	item:object:research-hooded-wool-cloak	container:bundle	1	1.0	M3 parity migration from Allowed_Containers_Cache
ITEM_CONTAINER	item:object:research-hooded-wool-cloak	container:sack	1	2.0	M3 parity migration from Allowed_Containers_Cache
ITEM_CONTAINER	item:object:research-hooded-wool-cloak	container:chest	1	3.0	M3 parity migration from Allowed_Containers_Cache
ITEM_CONTAINER	item:object:research-hooded-wool-cloak	container:crate	1	4.0	M3 parity migration from Allowed_Containers_Cache
ITEM_CONTAINER	item:object:research-fur-lined-cloak	container:bundle	1	1.0	M3 parity migration from Allowed_Containers_Cache
ITEM_CONTAINER	item:object:research-fur-lined-cloak	container:sack	1	2.0	M3 parity migration from Allowed_Containers_Cache
ITEM_CONTAINER	item:object:research-fur-lined-cloak	container:chest	1	3.0	M3 parity migration from Allowed_Containers_Cache
ITEM_CONTAINER	item:object:research-fur-lined-cloak	container:crate	1	4.0	M3 parity migration from Allowed_Containers_Cache
ITEM_CONTAINER	item:object:research-dyed-linen-dress	container:bundle	1	1.0	M3 parity migration from Allowed_Containers_Cache
ITEM_CONTAINER	item:object:research-dyed-linen-dress	container:sack	1	2.0	M3 parity migration from Allowed_Containers_Cache
ITEM_CONTAINER	item:object:research-dyed-linen-dress	container:chest	1	3.0	M3 parity migration from Allowed_Containers_Cache
ITEM_CONTAINER	item:object:research-dyed-linen-dress	container:crate	1	4.0	M3 parity migration from Allowed_Containers_Cache
ITEM_CONTAINER	item:object:research-embroidered-vest	container:bundle	1	1.0	M3 parity migration from Allowed_Containers_Cache
ITEM_CONTAINER	item:object:research-embroidered-vest	container:sack	1	2.0	M3 parity migration from Allowed_Containers_Cache
ITEM_CONTAINER	item:object:research-embroidered-vest	container:chest	1	3.0	M3 parity migration from Allowed_Containers_Cache
ITEM_CONTAINER	item:object:research-embroidered-vest	container:crate	1	4.0	M3 parity migration from Allowed_Containers_Cache
ITEM_CONTAINER	item:object:research-silk-sash	container:pouch	1	1.0	M3 parity migration from Allowed_Containers_Cache
ITEM_CONTAINER	item:object:research-silk-sash	container:bundle	1	2.0	M3 parity migration from Allowed_Containers_Cache
ITEM_CONTAINER	item:object:research-silk-sash	container:chest	1	3.0	M3 parity migration from Allowed_Containers_Cache
ITEM_CONTAINER	item:object:research-brocade-doublet	container:bundle	1	1.0	M3 parity migration from Allowed_Containers_Cache
ITEM_CONTAINER	item:object:research-brocade-doublet	container:sack	1	2.0	M3 parity migration from Allowed_Containers_Cache
ITEM_CONTAINER	item:object:research-brocade-doublet	container:chest	1	3.0	M3 parity migration from Allowed_Containers_Cache
ITEM_CONTAINER	item:object:research-brocade-doublet	container:crate	1	4.0	M3 parity migration from Allowed_Containers_Cache
ITEM_CONTAINER	item:object:research-velvet-gown	container:bundle	1	1.0	M3 parity migration from Allowed_Containers_Cache
ITEM_CONTAINER	item:object:research-velvet-gown	container:sack	1	2.0	M3 parity migration from Allowed_Containers_Cache
ITEM_CONTAINER	item:object:research-velvet-gown	container:chest	1	3.0	M3 parity migration from Allowed_Containers_Cache
ITEM_CONTAINER	item:object:research-velvet-gown	container:crate	1	4.0	M3 parity migration from Allowed_Containers_Cache
ITEM_CONTAINER	item:object:research-courtly-robe	container:bundle	1	1.0	M3 parity migration from Allowed_Containers_Cache
ITEM_CONTAINER	item:object:research-courtly-robe	container:sack	1	2.0	M3 parity migration from Allowed_Containers_Cache
ITEM_CONTAINER	item:object:research-courtly-robe	container:chest	1	3.0	M3 parity migration from Allowed_Containers_Cache
ITEM_CONTAINER	item:object:research-courtly-robe	container:crate	1	4.0	M3 parity migration from Allowed_Containers_Cache
ITEM_CONTAINER	item:object:research-ceremonial-vestments	container:bundle	1	1.0	M3 parity migration from Allowed_Containers_Cache
ITEM_CONTAINER	item:object:research-ceremonial-vestments	container:sack	1	2.0	M3 parity migration from Allowed_Containers_Cache
ITEM_CONTAINER	item:object:research-ceremonial-vestments	container:chest	1	3.0	M3 parity migration from Allowed_Containers_Cache
ITEM_CONTAINER	item:object:research-ceremonial-vestments	container:crate	1	4.0	M3 parity migration from Allowed_Containers_Cache
ITEM_CONTAINER	item:object:research-scholar-s-robe	container:bundle	1	1.0	M3 parity migration from Allowed_Containers_Cache
ITEM_CONTAINER	item:object:research-scholar-s-robe	container:sack	1	2.0	M3 parity migration from Allowed_Containers_Cache
ITEM_CONTAINER	item:object:research-scholar-s-robe	container:chest	1	3.0	M3 parity migration from Allowed_Containers_Cache
ITEM_CONTAINER	item:object:research-scholar-s-robe	container:crate	1	4.0	M3 parity migration from Allowed_Containers_Cache
ITEM_CONTAINER	item:object:research-merchant-s-coat	container:bundle	1	1.0	M3 parity migration from Allowed_Containers_Cache
ITEM_CONTAINER	item:object:research-merchant-s-coat	container:sack	1	2.0	M3 parity migration from Allowed_Containers_Cache
ITEM_CONTAINER	item:object:research-merchant-s-coat	container:chest	1	3.0	M3 parity migration from Allowed_Containers_Cache
ITEM_CONTAINER	item:object:research-merchant-s-coat	container:crate	1	4.0	M3 parity migration from Allowed_Containers_Cache
ITEM_CONTAINER	item:object:research-riding-boots	container:bundle	1	1.0	M3 parity migration from Allowed_Containers_Cache
ITEM_CONTAINER	item:object:research-riding-boots	container:sack	1	2.0	M3 parity migration from Allowed_Containers_Cache
ITEM_CONTAINER	item:object:research-riding-boots	container:chest	1	3.0	M3 parity migration from Allowed_Containers_Cache
ITEM_CONTAINER	item:object:research-riding-boots	container:crate	1	4.0	M3 parity migration from Allowed_Containers_Cache
ITEM_CONTAINER	item:object:research-soft-leather-slippers	container:pouch	1	1.0	M3 parity migration from Allowed_Containers_Cache
ITEM_CONTAINER	item:object:research-soft-leather-slippers	container:bundle	1	2.0	M3 parity migration from Allowed_Containers_Cache
ITEM_CONTAINER	item:object:research-soft-leather-slippers	container:chest	1	3.0	M3 parity migration from Allowed_Containers_Cache
ITEM_CONTAINER	item:object:research-fur-hat	container:pouch	1	1.0	M3 parity migration from Allowed_Containers_Cache
ITEM_CONTAINER	item:object:research-fur-hat	container:bundle	1	2.0	M3 parity migration from Allowed_Containers_Cache
ITEM_CONTAINER	item:object:research-fur-hat	container:chest	1	3.0	M3 parity migration from Allowed_Containers_Cache
ITEM_CONTAINER	item:object:research-feathered-cap	container:pouch	1	1.0	M3 parity migration from Allowed_Containers_Cache
ITEM_CONTAINER	item:object:research-feathered-cap	container:bundle	1	2.0	M3 parity migration from Allowed_Containers_Cache
ITEM_CONTAINER	item:object:research-feathered-cap	container:chest	1	3.0	M3 parity migration from Allowed_Containers_Cache
ITEM_CONTAINER	item:object:research-silk-gloves	container:pouch	1	1.0	M3 parity migration from Allowed_Containers_Cache
ITEM_CONTAINER	item:object:research-silk-gloves	container:bundle	1	2.0	M3 parity migration from Allowed_Containers_Cache
ITEM_CONTAINER	item:object:research-silk-gloves	container:chest	1	3.0	M3 parity migration from Allowed_Containers_Cache
ITEM_CONTAINER	item:object:research-leather-gloves	container:pouch	1	1.0	M3 parity migration from Allowed_Containers_Cache
ITEM_CONTAINER	item:object:research-leather-gloves	container:bundle	1	2.0	M3 parity migration from Allowed_Containers_Cache
ITEM_CONTAINER	item:object:research-leather-gloves	container:chest	1	3.0	M3 parity migration from Allowed_Containers_Cache
ITEM_CONTAINER	item:object:research-embroidered-belt	container:pouch	1	1.0	M3 parity migration from Allowed_Containers_Cache
ITEM_CONTAINER	item:object:research-embroidered-belt	container:bundle	1	2.0	M3 parity migration from Allowed_Containers_Cache
ITEM_CONTAINER	item:object:research-embroidered-belt	container:chest	1	3.0	M3 parity migration from Allowed_Containers_Cache
ITEM_CONTAINER	item:object:research-jeweled-belt	container:pouch	1	1.0	M3 parity migration from Allowed_Containers_Cache
ITEM_CONTAINER	item:object:research-jeweled-belt	container:bundle	1	2.0	M3 parity migration from Allowed_Containers_Cache
ITEM_CONTAINER	item:object:research-jeweled-belt	container:chest	1	3.0	M3 parity migration from Allowed_Containers_Cache
ITEM_CONTAINER	item:object:research-lace-veil	container:pouch	1	1.0	M3 parity migration from Allowed_Containers_Cache
ITEM_CONTAINER	item:object:research-lace-veil	container:bundle	1	2.0	M3 parity migration from Allowed_Containers_Cache
ITEM_CONTAINER	item:object:research-lace-veil	container:chest	1	3.0	M3 parity migration from Allowed_Containers_Cache
ITEM_CONTAINER	item:object:research-muslin-veil	container:pouch	1	1.0	M3 parity migration from Allowed_Containers_Cache
ITEM_CONTAINER	item:object:research-muslin-veil	container:bundle	1	2.0	M3 parity migration from Allowed_Containers_Cache
ITEM_CONTAINER	item:object:research-muslin-veil	container:chest	1	3.0	M3 parity migration from Allowed_Containers_Cache
ITEM_CONTAINER	item:object:research-damask-mantle	container:bundle	1	1.0	M3 parity migration from Allowed_Containers_Cache
ITEM_CONTAINER	item:object:research-damask-mantle	container:sack	1	2.0	M3 parity migration from Allowed_Containers_Cache
ITEM_CONTAINER	item:object:research-damask-mantle	container:chest	1	3.0	M3 parity migration from Allowed_Containers_Cache
ITEM_CONTAINER	item:object:research-damask-mantle	container:crate	1	4.0	M3 parity migration from Allowed_Containers_Cache
ITEM_CONTAINER	item:object:research-samite-surcoat	container:bundle	1	1.0	M3 parity migration from Allowed_Containers_Cache
ITEM_CONTAINER	item:object:research-samite-surcoat	container:sack	1	2.0	M3 parity migration from Allowed_Containers_Cache
ITEM_CONTAINER	item:object:research-samite-surcoat	container:chest	1	3.0	M3 parity migration from Allowed_Containers_Cache
ITEM_CONTAINER	item:object:research-samite-surcoat	container:crate	1	4.0	M3 parity migration from Allowed_Containers_Cache
ITEM_CONTAINER	item:object:research-gold-thread-shawl	container:bundle	1	1.0	M3 parity migration from Allowed_Containers_Cache
ITEM_CONTAINER	item:object:research-gold-thread-shawl	container:sack	1	2.0	M3 parity migration from Allowed_Containers_Cache
ITEM_CONTAINER	item:object:research-gold-thread-shawl	container:chest	1	3.0	M3 parity migration from Allowed_Containers_Cache
ITEM_CONTAINER	item:object:research-gold-thread-shawl	container:crate	1	4.0	M3 parity migration from Allowed_Containers_Cache
ITEM_CONTAINER	item:object:research-formal-mourning-dress	container:bundle	1	1.0	M3 parity migration from Allowed_Containers_Cache
ITEM_CONTAINER	item:object:research-formal-mourning-dress	container:sack	1	2.0	M3 parity migration from Allowed_Containers_Cache
ITEM_CONTAINER	item:object:research-formal-mourning-dress	container:chest	1	3.0	M3 parity migration from Allowed_Containers_Cache
ITEM_CONTAINER	item:object:research-formal-mourning-dress	container:crate	1	4.0	M3 parity migration from Allowed_Containers_Cache
ITEM_CONTAINER	item:object:research-miniature-noble-portrait	container:pocket	1	1.0	M3 parity migration from Allowed_Containers_Cache
ITEM_CONTAINER	item:object:research-miniature-noble-portrait	container:pouch	1	2.0	M3 parity migration from Allowed_Containers_Cache
ITEM_CONTAINER	item:object:research-miniature-noble-portrait	container:chest	1	3.0	M3 parity migration from Allowed_Containers_Cache
ITEM_CONTAINER	item:object:research-illuminated-prayer-book	container:chest	1	1.0	M3 parity migration from Allowed_Containers_Cache
ITEM_CONTAINER	item:object:research-illuminated-prayer-book	container:crate	1	2.0	M3 parity migration from Allowed_Containers_Cache
ITEM_CONTAINER	item:object:research-silver-filigree-casket	container:chest	1	1.0	M3 parity migration from Allowed_Containers_Cache
ITEM_CONTAINER	item:object:research-silver-filigree-casket	container:crate	1	2.0	M3 parity migration from Allowed_Containers_Cache
ITEM_CONTAINER	item:object:research-carved-ivory-diptych	container:pouch	1	1.0	M3 parity migration from Allowed_Containers_Cache
ITEM_CONTAINER	item:object:research-carved-ivory-diptych	container:chest	1	2.0	M3 parity migration from Allowed_Containers_Cache
ITEM_CONTAINER	item:object:research-jade-scholar-statuette	container:pouch	1	1.0	M3 parity migration from Allowed_Containers_Cache
ITEM_CONTAINER	item:object:research-jade-scholar-statuette	container:chest	1	2.0	M3 parity migration from Allowed_Containers_Cache
ITEM_CONTAINER	item:object:research-bronze-horse-figurine	container:chest	1	1.0	M3 parity migration from Allowed_Containers_Cache
ITEM_CONTAINER	item:object:research-bronze-horse-figurine	container:crate	1	2.0	M3 parity migration from Allowed_Containers_Cache
ITEM_CONTAINER	item:object:research-painted-porcelain-vase	container:chest	1	1.0	M3 parity migration from Allowed_Containers_Cache
ITEM_CONTAINER	item:object:research-painted-porcelain-vase	container:crate	1	2.0	M3 parity migration from Allowed_Containers_Cache
ITEM_CONTAINER	item:object:research-enamelled-reliquary	container:chest	1	1.0	M3 parity migration from Allowed_Containers_Cache
ITEM_CONTAINER	item:object:research-enamelled-reliquary	container:crate	1	2.0	M3 parity migration from Allowed_Containers_Cache
ITEM_CONTAINER	item:object:research-mosaic-icon-panel	container:bundle	1	1.0	M3 parity migration from Allowed_Containers_Cache
ITEM_CONTAINER	item:object:research-mosaic-icon-panel	container:chest	1	2.0	M3 parity migration from Allowed_Containers_Cache
ITEM_CONTAINER	item:object:research-mosaic-icon-panel	container:crate	1	3.0	M3 parity migration from Allowed_Containers_Cache
ITEM_CONTAINER	item:object:research-gold-leaf-theater-mask	container:pouch	1	1.0	M3 parity migration from Allowed_Containers_Cache
ITEM_CONTAINER	item:object:research-gold-leaf-theater-mask	container:chest	1	2.0	M3 parity migration from Allowed_Containers_Cache
ITEM_CONTAINER	item:object:research-lacquered-tea-caddy	container:pouch	1	1.0	M3 parity migration from Allowed_Containers_Cache
ITEM_CONTAINER	item:object:research-lacquered-tea-caddy	container:chest	1	2.0	M3 parity migration from Allowed_Containers_Cache
ITEM_CONTAINER	item:object:research-mother-of-pearl-jewelry-box	container:chest	1	1.0	M3 parity migration from Allowed_Containers_Cache
ITEM_CONTAINER	item:object:research-mother-of-pearl-jewelry-box	container:crate	1	2.0	M3 parity migration from Allowed_Containers_Cache
ITEM_CONTAINER	item:object:research-carved-amber-cameo	container:pocket	1	1.0	M3 parity migration from Allowed_Containers_Cache
ITEM_CONTAINER	item:object:research-carved-amber-cameo	container:pouch	1	2.0	M3 parity migration from Allowed_Containers_Cache
ITEM_CONTAINER	item:object:research-carved-amber-cameo	container:chest	1	3.0	M3 parity migration from Allowed_Containers_Cache
ITEM_CONTAINER	item:object:research-obsidian-ritual-bowl	container:chest	1	1.0	M3 parity migration from Allowed_Containers_Cache
ITEM_CONTAINER	item:object:research-obsidian-ritual-bowl	container:crate	1	2.0	M3 parity migration from Allowed_Containers_Cache
ITEM_CONTAINER	item:object:research-crystal-decanter	container:chest	1	1.0	M3 parity migration from Allowed_Containers_Cache
ITEM_CONTAINER	item:object:research-crystal-decanter	container:crate	1	2.0	M3 parity migration from Allowed_Containers_Cache
ITEM_CONTAINER	item:object:research-silver-candelabrum	container:chest	1	1.0	M3 parity migration from Allowed_Containers_Cache
ITEM_CONTAINER	item:object:research-silver-candelabrum	container:crate	1	2.0	M3 parity migration from Allowed_Containers_Cache
ITEM_CONTAINER	item:object:research-gilded-astrolabe	container:chest	1	1.0	M3 parity migration from Allowed_Containers_Cache
ITEM_CONTAINER	item:object:research-gilded-astrolabe	container:crate	1	2.0	M3 parity migration from Allowed_Containers_Cache
ITEM_CONTAINER	item:object:research-engraved-brass-orrery	container:bundle	1	1.0	M3 parity migration from Allowed_Containers_Cache
ITEM_CONTAINER	item:object:research-engraved-brass-orrery	container:chest	1	2.0	M3 parity migration from Allowed_Containers_Cache
ITEM_CONTAINER	item:object:research-engraved-brass-orrery	container:crate	1	3.0	M3 parity migration from Allowed_Containers_Cache
ITEM_CONTAINER	item:object:research-ivory-chess-set	container:chest	1	1.0	M3 parity migration from Allowed_Containers_Cache
ITEM_CONTAINER	item:object:research-ivory-chess-set	container:crate	1	2.0	M3 parity migration from Allowed_Containers_Cache
ITEM_CONTAINER	item:object:research-marble-bust	container:bundle	1	1.0	M3 parity migration from Allowed_Containers_Cache
ITEM_CONTAINER	item:object:research-marble-bust	container:chest	1	2.0	M3 parity migration from Allowed_Containers_Cache
ITEM_CONTAINER	item:object:research-marble-bust	container:crate	1	3.0	M3 parity migration from Allowed_Containers_Cache
ITEM_CONTAINER	item:object:research-alabaster-relief-panel	container:bundle	1	1.0	M3 parity migration from Allowed_Containers_Cache
ITEM_CONTAINER	item:object:research-alabaster-relief-panel	container:chest	1	2.0	M3 parity migration from Allowed_Containers_Cache
ITEM_CONTAINER	item:object:research-alabaster-relief-panel	container:crate	1	3.0	M3 parity migration from Allowed_Containers_Cache
ITEM_CONTAINER	item:object:research-painted-folding-screen	container:bundle	1	1.0	M3 parity migration from Allowed_Containers_Cache
ITEM_CONTAINER	item:object:research-painted-folding-screen	container:chest	1	2.0	M3 parity migration from Allowed_Containers_Cache
ITEM_CONTAINER	item:object:research-painted-folding-screen	container:crate	1	3.0	M3 parity migration from Allowed_Containers_Cache
ITEM_CONTAINER	item:object:research-silk-embroidered-wall-hanging	container:bundle	1	1.0	M3 parity migration from Allowed_Containers_Cache
ITEM_CONTAINER	item:object:research-silk-embroidered-wall-hanging	container:chest	1	2.0	M3 parity migration from Allowed_Containers_Cache
ITEM_CONTAINER	item:object:research-silk-embroidered-wall-hanging	container:crate	1	3.0	M3 parity migration from Allowed_Containers_Cache
ITEM_CONTAINER	item:object:research-hunting-scene-tapestry	container:bundle	1	1.0	M3 parity migration from Allowed_Containers_Cache
ITEM_CONTAINER	item:object:research-hunting-scene-tapestry	container:chest	1	2.0	M3 parity migration from Allowed_Containers_Cache
ITEM_CONTAINER	item:object:research-hunting-scene-tapestry	container:crate	1	3.0	M3 parity migration from Allowed_Containers_Cache
ITEM_CONTAINER	item:object:research-woven-family-genealogy	container:chest	1	1.0	M3 parity migration from Allowed_Containers_Cache
ITEM_CONTAINER	item:object:research-woven-family-genealogy	container:crate	1	2.0	M3 parity migration from Allowed_Containers_Cache
ITEM_CONTAINER	item:object:research-jeweled-ceremonial-goblet	container:pouch	1	1.0	M3 parity migration from Allowed_Containers_Cache
ITEM_CONTAINER	item:object:research-jeweled-ceremonial-goblet	container:chest	1	2.0	M3 parity migration from Allowed_Containers_Cache
ITEM_CONTAINER	item:object:research-gold-inlaid-drinking-horn	container:pouch	1	1.0	M3 parity migration from Allowed_Containers_Cache
ITEM_CONTAINER	item:object:research-gold-inlaid-drinking-horn	container:chest	1	2.0	M3 parity migration from Allowed_Containers_Cache
ITEM_CONTAINER	item:object:research-silver-runcible-spoon	container:pocket	1	1.0	M3 parity migration from Allowed_Containers_Cache
ITEM_CONTAINER	item:object:research-silver-runcible-spoon	container:pouch	1	2.0	M3 parity migration from Allowed_Containers_Cache
ITEM_CONTAINER	item:object:research-silver-runcible-spoon	container:chest	1	3.0	M3 parity migration from Allowed_Containers_Cache
ITEM_CONTAINER	item:object:research-engraved-music-box	container:chest	1	1.0	M3 parity migration from Allowed_Containers_Cache
ITEM_CONTAINER	item:object:research-engraved-music-box	container:crate	1	2.0	M3 parity migration from Allowed_Containers_Cache
ITEM_CONTAINER	item:object:research-clockwork-songbird	container:chest	1	1.0	M3 parity migration from Allowed_Containers_Cache
ITEM_CONTAINER	item:object:research-clockwork-songbird	container:crate	1	2.0	M3 parity migration from Allowed_Containers_Cache
ITEM_CONTAINER	item:object:research-gilded-chamber-pot	container:chest	1	1.0	M3 parity migration from Allowed_Containers_Cache
ITEM_CONTAINER	item:object:research-gilded-chamber-pot	container:crate	1	2.0	M3 parity migration from Allowed_Containers_Cache
ITEM_CONTAINER	item:object:research-carved-dragonbone-comb	container:pocket	1	1.0	M3 parity migration from Allowed_Containers_Cache
ITEM_CONTAINER	item:object:research-carved-dragonbone-comb	container:pouch	1	2.0	M3 parity migration from Allowed_Containers_Cache
ITEM_CONTAINER	item:object:research-carved-dragonbone-comb	container:chest	1	3.0	M3 parity migration from Allowed_Containers_Cache
ITEM_CONTAINER	item:object:research-pearl-set-hand-mirror	container:pouch	1	1.0	M3 parity migration from Allowed_Containers_Cache
ITEM_CONTAINER	item:object:research-pearl-set-hand-mirror	container:chest	1	2.0	M3 parity migration from Allowed_Containers_Cache
ITEM_CONTAINER	item:object:research-coral-prayer-beads	container:pocket	1	1.0	M3 parity migration from Allowed_Containers_Cache
ITEM_CONTAINER	item:object:research-coral-prayer-beads	container:pouch	1	2.0	M3 parity migration from Allowed_Containers_Cache
ITEM_CONTAINER	item:object:research-coral-prayer-beads	container:chest	1	3.0	M3 parity migration from Allowed_Containers_Cache
ITEM_CONTAINER	item:object:research-opal-mosaic-brooch	container:pocket	1	1.0	M3 parity migration from Allowed_Containers_Cache
ITEM_CONTAINER	item:object:research-opal-mosaic-brooch	container:pouch	1	2.0	M3 parity migration from Allowed_Containers_Cache
ITEM_CONTAINER	item:object:research-opal-mosaic-brooch	container:chest	1	3.0	M3 parity migration from Allowed_Containers_Cache
ITEM_CONTAINER	item:object:research-painted-court-fan	container:pocket	1	1.0	M3 parity migration from Allowed_Containers_Cache
ITEM_CONTAINER	item:object:research-painted-court-fan	container:pouch	1	2.0	M3 parity migration from Allowed_Containers_Cache
ITEM_CONTAINER	item:object:research-painted-court-fan	container:chest	1	3.0	M3 parity migration from Allowed_Containers_Cache
ITEM_CONTAINER	item:object:research-scrimshaw-voyage-scene	container:pouch	1	1.0	M3 parity migration from Allowed_Containers_Cache
ITEM_CONTAINER	item:object:research-scrimshaw-voyage-scene	container:chest	1	2.0	M3 parity migration from Allowed_Containers_Cache
ITEM_CONTAINER	item:object:research-rare-map-in-gilded-frame	container:chest	1	1.0	M3 parity migration from Allowed_Containers_Cache
ITEM_CONTAINER	item:object:research-rare-map-in-gilded-frame	container:crate	1	2.0	M3 parity migration from Allowed_Containers_Cache
ITEM_CONTAINER	item:object:research-calligraphed-royal-charter	container:pouch	1	1.0	M3 parity migration from Allowed_Containers_Cache
ITEM_CONTAINER	item:object:research-calligraphed-royal-charter	container:chest	1	2.0	M3 parity migration from Allowed_Containers_Cache
ITEM_CONTAINER	item:object:research-miniature-merchant-ship-model	container:chest	1	1.0	M3 parity migration from Allowed_Containers_Cache
ITEM_CONTAINER	item:object:research-miniature-merchant-ship-model	container:crate	1	2.0	M3 parity migration from Allowed_Containers_Cache
